-0.0526529954059,-0.0318477060886
0.0700602313854,-0.0328650235125
-0.03601654719,0.0774768114984
0.0176910212468,0.0112971321886
0.0849130784259,-0.000994624736812
-0.0781452569033,-0.0261825883704
-0.0178279352628,0.0274192130829
-0.0396839232277,-0.0891192614581
0.0358227612678,0.0378746705749
0.0676223786349,0.0478720006376
0.0841382256292,-0.0708660987068
0.0639162120089,0.0796295892307
0.160765389304,0.0022404813742
0.00524321640505,0.0534180479222
0.103059478237,0.0649808484803
-0.0320321978669,0.0042708498286
0.0926416843152,-0.14868437715
0.0702278177422,0.116298322479
0.0549476996877,0.0958966065699
-0.0340083314931,0.113423612019
0.105873774553,-0.00246042470107
0.044687166929,-0.0342718694208
0.00600594567721,-0.0886109656723
0.115985040824,0.0654797776969
-0.0157977906544,-0.0177851042118
-0.00883036899763,0.0409915377938
-0.0576682516648,-0.0242156471281
-0.0445594739533,0.008903390131
-0.00913199367503,-0.057087963932
-0.0364366675682,0.0387351182515
0.0481934716201,-0.127863344057
-0.0582439295114,-0.0485521008556
0.0312701977308,-0.0354941042785
-0.110080877518,0.0113808754322
0.00285869532778,0.0370814683087
0.00107049673868,0.037706580723
-0.00657612214797,0.0867751791574
0.0291874963801,0.0571616340292
0.054210806078,0.0469443162615
-0.11837899687,-0.0571116710794
0.0158245763264,-0.0516830697578
-0.099583959472,-0.0359467794719
-0.093748582428,-0.061867491985
0.00124481117801,0.0199147820562
0.130287260641,0.121707491374
-0.0392321009298,0.0136114133314
-0.0347575057382,-0.175476448205
0.100209810031,0.0517409628167
0.0365473418489,-0.0413455558613
-0.0233725719617,0.0277768016957
-0.168904808578,-0.0959073672793
0.0134476317525,0.0608820145333
0.0398561046514,0.163164655271
0.0312954539678,-0.0488142405969
0.000363145384144,0.0850601555466
0.112900768953,0.0319582005874
0.0736613351982,0.0785022672071
0.107778123539,0.025066352121
0.148097708421,0.0601307274373
-0.0107209148766,0.0206505054678
0.126082184745,0.0145852595596
0.0640250829762,0.0856649757412
0.16016510971,0.00232084512285
0.0657940671082,0.175229566654
-0.00333093930348,-0.0225694362337
-0.0328180086157,-0.0719624755186
0.0331812432268,0.099457323392
0.0256390943321,0.105761959934
0.114623327995,-0.00522114277652
-0.0894458855886,-0.0410573096072
0.0283402173793,-0.0869153456435
0.251117555301,0.129782042001
0.0154369332915,-0.0375021000297
-0.115588908807,0.00190326488034
-0.0860755027232,-0.024948738247
-0.0714828129761,-0.00644697251391
0.0515385253118,-0.00262068911564
-0.0399073881224,-0.00979206368813
0.0907779865326,0.0707183723678
0.154612707898,0.0834828514755
0.0526100738771,0.00198260811791
-0.136444520625,0.0212121033622
0.0149490373353,0.114150160732
0.0872732883078,0.128689133636
-0.0502411475519,0.0107504411845
-0.0111609982873,-0.0347080329861
-0.0923644380584,-0.0708065302832
0.0655750602962,0.232749841894
0.0936893700205,0.104359242309
0.107850694663,-0.0578302192505
0.0521759164751,0.0277822995109
-0.162002739204,0.000257023369158
0.0788425386479,0.0246277259425
-0.0512149780407,0.0603445690673
0.11444249623,0.101977260873
-0.0401371585095,0.07065272406
0.0101421202147,-0.0192586468228
0.115679371997,0.118620548973
0.0993113846414,0.0800990233487
0.0398636104323,0.052473487279
-0.0364410344975,-0.106698764824
-0.0540642484908,0.000448585447586
0.10177232752,0.0475387225138
0.00271946827093,0.0464829462701
-0.0895392359719,-0.00545153083595
-0.012569430383,-0.140130050046
-0.109444568852,0.032285279197
0.0839232243724,0.0523330731635
0.108471598542,0.0589444709478
0.0439814919959,0.00550627202429
0.0190837255323,0.130019488931
-0.0652397051553,-0.004115939648
-0.139223956754,-0.051625795128
0.0662925744821,-0.059422490596
-0.0411241462145,-0.0801246760052
-0.0342211516374,-0.048805029041
-0.013340775324,-0.0553440999215
-0.106681927991,-0.0485003256303
-0.0865019205939,-0.0751951082602
0.0377915771441,-0.0491549796552
-0.0277226265703,-0.0680817493354
0.0270752450968,-0.0180737935147
0.0342099146865,0.0556741224732
-0.19653502503,-0.0360751033938
0.0799203707677,0.00660185591479
0.16360658041,-0.0512749082065
-0.0188347526097,-0.0185156352403
0.0450848524011,0.130721168695
-0.0666924324938,0.0849916870846
0.0295476082463,-0.0408470864446
0.0796079887449,-0.0156975720147
0.18095345776,0.0747359682895
0.00532702408207,-0.00517033964122
0.0675370348471,0.0870420821619
0.0225853628887,0.0229713652866
-0.0315853112821,0.0471418679586
0.00145250970608,-0.0467445700752
-0.0555866227679,-0.0194303560045
-0.068585021076,-0.0248478081063
-0.0181966904208,-0.0619530509502
0.0430986623665,-0.0215904734564
-0.127639350934,0.0164164588381
0.0392734230905,0.0458092607508
-0.0681083531149,-0.0247017515425
-0.0619439635558,0.0582641213883
0.0370441320555,0.0497794337387
-0.0213387451071,-0.0674607963777
-0.0548721532354,-0.0881475192071
-0.0264457145291,-0.0399928299903
-0.0288485523977,-0.0537176024317
0.213189883509,0.0298670690027
0.0409728442532,-0.0809236771764
0.0288932992611,0.0225638265555
-0.0507074498168,-0.121642437418
0.165988842708,0.0237545565911
-0.0285709047669,0.032358246684
0.0809082294744,0.105052298011
-0.182701417943,-0.166171148226
-0.104487508581,-0.0780625437713
0.015805742483,-0.0165237101081
0.11830607537,0.0992731669571
-0.104069756319,-0.0192094453362
-0.0485882382,0.0515443583882
-0.0633079796179,-0.082412862373
0.101768073417,-0.00169901256859
-0.0117294674428,0.0317440745725
-0.00521806135418,0.202892665422
-0.0535439153525,-0.0142351195597
-0.0342306729004,0.0780940696626
-0.0297030259935,0.00535728565747
0.188511486681,0.0499357037697
-0.0242081342885,-0.00653891551528
0.0611865023822,-0.00422618962602
-0.0277027813953,-0.0126052530995
-0.0300604102169,0.0656537477482
-0.130885274724,-0.111808300288
-0.0665609286925,-0.0674989699893
0.176740997212,0.116899018547
0.165606884758,0.0870585698368
0.00358933248168,0.0508620871096
0.0166902715391,0.0612860252534
0.126306295193,0.139978779617
0.0820027781753,-0.018776605167
-0.0850406327726,-0.0352269306193
0.0420936402389,0.103916088234
-0.0750294870813,-0.0548537326117
0.0363279715392,-0.0565143085526
-0.045800339406,-0.0246045098918
0.0290887209344,0.0541997836483
-0.00227633784738,0.00606624034774
0.0519540647256,0.0600017510417
0.0306552978167,0.040799808193
-0.10688343184,-0.0751913348554
-0.0200346440214,-0.058502308719
-0.0445023835709,0.0278805260421
-0.094392339142,-0.0463839252721
-0.0346084489436,-0.0401396111833
-0.0148760582502,0.127847752458
0.105805408485,0.0777394601691
0.057104562384,0.0497512990184
0.0694501978475,0.0746664790314
0.0930833397826,0.0965914730316
-0.121589695149,-0.0255856534304
-0.0452639901206,-0.0247634967757
0.0517680943649,0.0768759652972
-0.0336493034457,0.0985922134006
-0.0044594939165,0.0383837299508
0.161034276131,0.0948396764751
0.0186906290518,0.0940050056492
0.0196473391182,0.037852110165
0.0239905127739,0.0666309642066
-0.0303500942385,-0.0193337649236
0.0226196290688,-0.0181871806512
0.067580780875,0.0771267898471
0.0986204333975,-0.0455736178734
-0.0891267762977,0.00651016024806
-0.0747731218448,-0.00106887424357
0.140743825202,0.0586738630455
0.111836464923,0.0805821861528
-0.0386276458412,0.0542485295742
0.136583616599,-0.0282447926714
-0.114865821533,-0.058208434447
0.061403761929,0.0546395233311
0.0309390447362,0.0740587375243
0.0299244387247,0.0531835438277
-0.0209293417777,0.11196183992
-0.0878265388978,-0.0422370251149
0.00188782058813,0.0570008616539
0.0169472728772,-0.00424717272987
0.0313117550146,0.0537692045243
-0.0564399055151,0.0317792775315
0.0602500740572,0.0909696130583
0.0984971905773,0.0404428494353
0.0241975449846,0.0473896601097
-0.0887828644419,0.0216339832967
-0.0257818264982,0.0453527006502
-0.104940477282,-0.0510320094042
0.0486011699577,0.0694191616874
-0.0493341911614,-0.0261368471861
0.0321304575035,0.134964980171
0.0131120434383,-0.0936917582263
-0.00851019516856,-0.0782038293691
0.00174104544283,0.0485198807183
0.0825187382232,0.0284307394211
0.0276695828604,0.0731101363377
-0.0543011032282,-0.0148485210387
0.0848697004447,-0.03493953306
-0.00414197238465,0.0949262299548
-0.0244711285414,0.054466195024
-0.0142570608852,0.0957142633669
0.000187434774558,-0.0447852728023
0.0357078405905,-0.0335381049694
0.00417043925173,0.000936829741963
0.0310436870998,0.152089435779
-0.0798202011591,-0.0604948314198
-0.0771999385035,-0.0688403912381
0.104310542047,0.112771860602
0.088056349801,-0.0347128336139
-0.0691511136636,-0.054974201546
0.0022950158088,-0.045936519632
-0.103600973462,0.0270295868331
0.0350213451181,0.0864538135714
0.0375821090774,0.0958053433554
-0.0449550428311,-0.114647039112
0.130636877689,-0.00885331014337
0.0596587840846,0.0871379990691
0.101317121998,0.0657344702477
0.0101683922694,0.0117964525216
0.0414901198255,0.0847669276163
0.0023173299157,-0.0151521261593
0.0492730273256,-0.0295787891425
-0.0594757021356,0.0214690081456
0.0217042162157,0.128557724399
-0.0370342451479,0.0589574922653
0.00833453762654,-0.0122027304345
-0.0289595601936,0.0718254796461
0.0786963244091,-0.0248780374349
0.156282214633,-0.00585469870464
0.0380362746059,0.0629081063724
0.0628528521251,0.174136603009
-0.0550424893128,-0.00839458938764
0.113197431768,0.0670218883442
-0.044595930286,-0.00938072073655
0.0522861109126,-0.0239979973664
-0.0666421265199,0.105534571987
-0.0246595853359,0.0440732073813
-0.115360215394,-0.0420340275946
0.0474455102503,-0.0447661969122
0.142358847344,-0.00893847242553
0.0679354869152,0.0720051618595
-0.0447912683195,0.00406702970013
0.149874803319,0.187590544859
-0.0104495546412,0.0396323517543
0.104471639042,0.0870375898386
0.118496626838,0.118627808779
-0.134924557106,-0.0836821691126
0.119223530744,0.0630798905519
0.0834863872002,-0.00432507662586
-0.0827881049669,0.00498011341484
-0.190411058079,-0.136255086727
-0.0916294568856,-0.0968283183772
-0.0865311437667,0.00186620824525
-0.0214362043326,0.0262524006983
-0.00186284437381,0.134155462398
-0.0274940562331,-0.0421062990651
0.163607539992,0.152277402298
0.0244847529697,-0.0449922217565
0.00884762828242,0.100020310057
-0.113809542419,-0.0185581293179
-0.031723118354,-0.149386986292
-0.0659122824243,0.0146482826576
0.0668409586644,0.0325991825727
-0.0115131954653,-0.0467775104241
0.058132053975,0.122594624887
-0.0660699978299,-0.0517335360753
0.0501229257883,0.0226955744426
-0.0127154991112,0.0443124178206
0.114684973612,0.135683271698
0.089560553399,-0.0255209231144
-0.0366853090997,0.00585401104908
0.0900701015511,0.0649749010908
0.0223096137225,-0.0277768217616
-0.0772572757578,-0.0756830276292
-0.119979282177,0.0363640042677
0.00787897444475,0.046333941514
-0.0431182720379,0.0224700825849
-0.00842335335136,0.0449196193555
0.109161745532,0.0556869470073
-0.0748697506283,-0.0347942432021
0.1317521222,-0.00145248175708
-0.0559114524381,-0.0396858809086
0.0247191868367,0.184696605939
-0.0693719847806,-0.0341380484482
-0.109031437757,-0.0142728325941
0.0934660908374,0.213069321657
-0.14760387725,-0.146148745222
-0.176618049485,-0.139504331009
-0.000336930730723,0.0555464910327
-0.0331406419561,-0.00486834102982
-0.00912787995565,-0.0633156049068
-0.00937237861135,-0.0867013900956
-0.0691632207166,-0.00972670836173
0.125057382035,0.0601996021113
0.0318891283757,-0.0402038601142
0.151659331151,0.0326339294312
-0.0523803609982,0.0227900438886
0.0173670260851,0.0619340130082
-0.0558200684123,-0.127919322385
0.0914626313552,0.165070092888
-0.124404783863,-0.111327454463
-0.0227245383838,0.0283968956013
0.000254268939824,0.0581770067122
-0.0187847076333,-0.0169856133835
-0.030202109812,-0.000313636647479
0.0122945116,-0.0342070607469
0.0435686151787,0.0582812136622
-0.0147662033951,0.109332822644
0.0393179677938,0.00965317574961
0.0417999743334,-0.055326189621
0.0885031110246,0.00985839649421
-0.00155686116492,0.0600689746415
-0.0616929141237,0.0206383422259
0.0177596182252,0.083756514106
0.0141025975156,-0.000799941559006
0.0554763619603,0.0163572800223
0.0621714260514,0.0349553784415
0.0325969821767,-0.108842415224
-0.00238425461687,-0.0131910784987
0.129994238629,0.0984782423301
0.0668955283958,0.0128027704745
0.109836336316,0.083404028237
0.0197839341488,0.085264115104
-0.0140830987797,-0.0836637538166
0.0320965376891,-0.0931914499279
0.0186830959386,0.0591105720542
-0.0309178066961,0.0021301394034
-0.0185279951351,-0.00807807479369
-0.00218599165768,-0.0245463731121
-0.0131916734444,-0.00678112955949
0.198285157185,0.176479926033
-0.0664392546147,0.0800190941707
-0.0565212117607,-0.00794094698415
-0.093508643479,0.0238885044197
-0.0981302311972,-0.125584413634
0.176376868022,0.040942145816
0.0588574954693,0.0444102906363
-0.127623075116,-0.0617228777667
0.037218008236,0.0601791108366
0.0387139770366,0.0716418429277
-0.00888941225231,-0.0438684951989
-0.145582198848,-0.0415390818282
-0.112502583628,0.0230099158367
0.0706187931176,0.0494981224061
0.00619205532782,0.0144696039746
-0.0635505388135,-0.0083737536539
0.0253686101285,-0.00320378655991
0.129350880573,0.159318467112
-0.0267737144317,-0.0481406195894
0.0693802501361,0.126296084402
0.0497045270086,0.0426850657426
-0.00512251239476,0.0117644290968
-0.0361925289182,-0.0215282871183
0.0475789534773,0.0676244771981
0.0132679779061,0.108088605537
-0.0318251287295,0.0962414190555
0.103016258662,7.66772074669e-05
0.0907174354373,0.141943770941
-0.072143318536,-0.109535493266
0.0949073278573,0.0662019833937
0.110596122632,0.000711209277197
-0.0956810126182,-0.0610753792267
0.0254432409118,0.0831402981987
-0.0293807469782,-0.0758311902281
-0.0202906216993,0.00603693610544
-0.0457956975236,-0.0772442603359
0.0815138952278,0.134325580727
-0.000491130652712,0.0607150574028
-0.0458160874553,-0.122696011731
0.0289075825008,0.119431424455
0.0862892509112,0.0387594777998
-0.0165029495887,0.0344727741078
0.0598332532458,-0.0392879092766
0.0631739994254,0.0052583343066
-0.141140572162,-0.0461011600085
7.54778893137e-05,-0.0179743392712
-0.140382232838,-0.0798468450367
0.0648586055867,-0.0321139381317
0.0348215600568,0.132844694363
0.184852070882,0.0922521343982
0.0145328521973,0.0755661809095
0.0487542652919,0.0500141836054
0.0522085224179,0.00906303065386
-0.0593842348811,-0.0745221429792
0.0752424237603,0.10273675497
0.0305185655095,-0.0152550546001
0.053146321182,0.0369021443698
0.089170515326,0.180099145169
-0.0664121329,-0.00850501758091
0.00600651107206,0.0338211767568
0.0100998951243,0.0568068029944
0.0155856468353,0.0738081062843
-0.024714525532,-0.0835012914101
0.004989499745,-0.0684800985689
0.00420088208224,0.119857909813
0.0172146512632,-0.00265734017478
0.239276313569,0.0374788741014
-0.0317819421244,-0.0274287044666
-0.0396759902488,-0.0569812653904
-0.0376350222121,0.0911289012945
-0.0278419130249,0.0629370631113
0.0956847444526,-0.0739397172991
-0.00544231518244,0.067282308768
0.0057946927396,0.0101569848326
-0.0244744109789,0.00517192028189
-0.0255854781195,0.0549583424326
-0.105075973722,0.0414319228465
-0.00362358263729,0.0924307982112
-0.0541486764734,-0.072332239326
0.0854180184709,0.0744175469023
0.00381705025933,0.0139097114258
-0.00713304575429,-0.0258772440983
0.0627063778542,-0.0233633856844
-0.06964932952,-0.00444805231854
0.062012562707,0.0310575050679
0.0318640449022,-0.104933607483
0.0839662983807,0.0332562407928
-0.106092852608,-0.0755450939676
-0.021247337957,0.0352916775384
0.0113083767917,-0.0459318627884
-0.0733313720599,0.0328496698033
0.0264682738681,-0.0260635029395
0.073777814577,0.00937471672974
0.0335279561437,0.049963598118
0.0732437816479,0.00355103886431
0.203421236638,0.0199725731303
0.00326628447968,-0.0335152607236
-0.0748961851002,0.00602850846317
-0.0144309136367,0.101958112543
-0.057105088873,0.0847415364318
0.0168070236126,0.130077263707
-0.134473458722,-0.0649632547274
-0.0600827673716,0.0749694999197
0.0531737254106,0.11756533297
-0.0411927997146,0.0250106693001
0.0239276548219,0.0393940247455
0.14481422279,0.0508741845418
0.123172943333,-0.0255907986375
-0.0422106445539,-0.197353172615
0.0818055359754,-0.0160167669486
-0.0135511679358,0.0012017853268
0.0162840587433,0.0586077384172
0.0479827616732,-0.0651736589277
0.0124243547165,0.0719923109925
-0.160270518335,-0.035218430061
-0.0519702499142,0.0889039940575
0.00571605846222,-0.0648688668931
-0.0105196310419,-0.074493467758
-0.102395896458,0.0308159682262
-0.101263244219,0.0267217406875
0.0262376255097,-0.0115166371848
-0.103266951551,0.0404244430436
0.0748921002704,0.129263302013
0.0167524148798,0.00550632678244
0.159464730592,0.0712487540326
-0.104098833823,-0.0121383694377
0.179802205351,0.0680585491472
-0.0222121612974,-0.0152554083232
0.0135059123703,0.0408636836092
-0.10399528975,0.00304945597915
0.0963497983763,0.0365841956921
-0.0829416723427,-0.097041577785
-0.101051218481,0.0321448092939
0.0110094476599,-0.0169969799921
-0.0717272173673,0.0554270759392
0.0831705759881,0.0472238132782
0.00131129378577,0.0441146714476
0.144148785322,0.101823776123
-0.0318084527181,-0.0494642958962
0.0679606655492,0.104294175415
0.150089479027,0.156657384097
0.0375894351919,-0.00993500104129
-0.00583958147673,-0.0953621002567
0.0596803690456,0.0262325334265
0.107885452535,0.0605583245631
-0.0586296385638,-0.0863607120345
0.00126066768533,0.0759372113379
0.141722414523,0.0862184943275
0.0525512366995,-0.0578737641608
-0.0720235228103,-0.0291495922994
0.13883161384,0.0998155536299
-0.0900221626174,-0.0710839098178
0.0569165647771,-0.0214069445036
-0.0860121850617,-0.00963508314991
-0.0272257812745,-0.0349998588322
-0.0899317107812,0.0212494366855
-0.0631087913147,0.0125483955865
0.0449671962575,0.0157129248246
-0.0872886089279,-0.0536161306237
0.188581989952,0.053931049204
-0.132649910852,-0.126380829915
0.0456740483096,0.0209587489333
-0.135680341605,-0.00881616782599
-0.0624671573089,-0.0564851835674
-0.0550889053717,-0.0158527770473
0.0743140945371,-0.0122890712438
0.00973822627008,-0.000510061264691
-0.141214538485,0.0200801033817
0.0704026758207,-0.00458051305191
-0.0180894239598,-0.0272619064601
0.121388504561,0.0871758811259
-0.0282896138493,0.0941659654777
-0.00198842723613,0.154982299515
0.0208289810795,0.0323933860157
-0.0230048227514,0.072864401355
0.0737448524956,-0.0316660256733
0.0929638514253,0.0264166601227
0.0862726334338,0.111853139862
-0.0917344012143,-0.064564766564
-0.0521810736024,0.0056218362462
-0.0323379428128,0.0166275747464
0.128582216562,0.0855374362745
0.00736298739459,0.0181587432073
0.0173555732687,0.0335193547391
-0.135626939796,-0.0357513653847
-0.0863342076109,-0.0908143597094
-0.0636989537822,0.076216617494
-0.143206268282,-0.0693815793229
0.0226062321437,0.146672432134
0.0727145891361,0.139454417148
0.0610731512956,0.0266785247905
0.0516277830652,0.0680227759678
0.0198271634203,-0.0342403081353
0.0439025364886,0.0613649891346
0.0249734701057,0.0579751965584
-0.029959516643,0.00092075207443
-0.0195039178583,0.0020997829568
0.0483081103176,0.0608014667909
0.0408079329277,0.0173541963138
0.0662017916868,0.0676930548813
-0.0613919481411,0.107023452842
-0.0284776928893,0.0106069597842
0.00559103693116,0.08897774598
0.0093556006142,-0.0667797917757
0.017637991667,-0.0567744660322
0.0648796041393,-0.0788895298722
0.0899558413949,0.0112853435519
0.0649029150362,0.0672384883985
0.126553263936,0.0832733831007
-0.0140138129128,-0.0584183390204
0.0458234689436,0.0754929121143
-0.00678929009239,-0.104201051689
0.00631328027634,0.126684818643
-0.0382543759804,0.0570290019297
0.0187041145941,-0.0277084350977
0.0767561624876,0.0206230190523
0.112425599717,0.0247750203459
-0.0123075544132,-0.0577951498754
-0.020690146408,0.0774864374471
-0.13898211051,0.0652139295063
0.0259467286182,0.010996593864
-0.180183911199,-0.12013499088
0.0468042149218,0.189121988842
-0.0563657996193,0.012652326608
-0.107904890939,-0.0959673077447
0.0139429747596,0.0256527086499
-0.0325030665568,0.107651440591
-0.0456978925953,0.0772933895312
-0.0819784526441,0.0595767411337
-0.0727032025203,0.0129820281433
0.161006938157,0.0170929828666
-0.132154196693,0.0512476130777
-0.0222813056686,0.0410434881892
-0.00254070655733,-0.0337397160276
-0.0347458123185,0.00324588092906
-0.0424430507047,0.0743598152082
0.111836878107,0.000198528966223
-0.0411009180673,-0.0888265545158
0.080267165977,-0.0138673053549
-0.0616346873654,0.0311846613458
0.0525622773916,0.0303475755068
-0.078089027069,-0.0069370773568
0.0429086570704,0.0923358356427
0.13322344387,0.124614501461
-0.059023058776,-0.110126727144
0.0355271307297,0.0530369640833
0.0543809627555,0.0359084453521
0.013608114285,0.0336264541386
-0.0194613524501,0.00211190533423
0.0573504213464,0.0397350115052
0.0634090338548,0.0546330733663
-0.05207191674,-0.19611189209
-0.0460204300001,-0.0182874880261
-0.0381394845191,0.0484019232647
-0.0297111800186,0.0133451851687
0.0865650390493,0.081263473671
-0.0201945479584,-0.101243322208
0.0691971221857,0.0870690280565
-0.00413527887196,-0.0174713495295
-0.0293455702035,-0.0432061173624
0.117795125876,0.0434849236054
0.0173760069508,-0.0507695628573
-0.000448295474637,-0.00505656475107
0.0415890699238,0.0720380615561
0.0394082696223,0.0852237220479
0.0364611518588,0.0440957913514
-0.00455106012886,0.0164478612916
0.0144957757426,0.0470311207089
0.00809412351885,0.0472712350638
-0.0547583908006,-0.0805684214553
-0.0057578783701,-0.0109780736788
-0.0888070182029,0.023023277411
0.0124191771321,0.0220969968945
0.163478891895,0.146871610148
-0.0162324504364,0.0250004820475
0.0789406782019,-0.000165117558614
-0.127969754089,0.0223990852083
0.0143787814027,0.0895362303123
-0.0117730897842,-0.0760895292994
0.0643325781083,0.0385323297233
0.044534947845,0.1762115304
-0.0263585116491,-0.0207208912477
-0.0105308777216,0.060802927012
-0.148481304579,-0.0143634180334
0.0684002295174,0.112297930991
0.0210224999087,0.0096180116063
0.0715675824531,0.118231144924
-0.0657950060992,-0.0292956177207
-0.0248076513814,-0.0539293776912
-0.0573921234795,0.025745030775
-0.0671219018175,0.0887666336367
-0.162101179019,-0.067591616121
0.0135491642496,0.0305407891241
-0.0705539840808,-0.113333710323
-0.0235867443029,-0.0590727596059
0.0655374128807,-0.012768412568
0.0861591398151,0.0747984661421
0.0813937885769,-0.0155357655379
-0.0825693675661,-0.103919097109
-0.0192826833395,-0.068477923136
0.0129087020186,0.0900788626887
0.0839170974487,0.147572901752
-0.0038061796523,-0.061394419597
0.0852541526777,0.140837589166
0.0854775210911,-0.103680806161
0.0205399515589,0.0386023970545
0.0272095368536,0.063788529284
0.0254986929851,-0.00440408205897
-0.00642819730404,0.0912491773757
-0.0240473743037,-0.0435171726747
-0.0552057562933,-0.0928615513937
0.14000035138,0.068487814618
0.0710134399355,0.0717994215415
-0.113414503602,-0.00366667875463
0.0569894506841,-0.0851502436932
-0.00642343759718,0.0590517955988
-0.136695419068,-0.11015961941
0.129890982006,0.089747577173
-0.0074408890646,3.77122223503e-05
-0.127561777495,-0.0214813165816
-0.0533802529689,-0.0550480508586
-0.0332027358123,0.0312239256382
0.0395737846278,0.0892469315394
0.0574093236813,0.102992976809
-0.0493504769348,-0.00445121460049
0.0559621562827,0.0130629108253
0.0120153440679,-0.00461189655691
-0.0589747543276,0.0502002344498
-0.142725841967,-0.12372056212
0.0684784559485,-0.00584517341686
0.0807353682773,-0.140762667135
-0.0177993115332,0.00715476162606
0.158888536504,0.0322957068219
-0.0218355897911,0.0824210806493
0.0234551191484,-0.00117531131254
0.00600711558534,0.00447214384306
-0.034184593981,0.0373637012087
0.0209357303635,0.026734208965
-0.0274757367422,0.0723420085407
0.0642210646869,0.184946061373
-0.00850093092646,0.085155121846
0.0198191575618,0.00748334192916
0.00678491710955,0.0729322440757
0.0320689570888,-0.122433982328
0.0158116100957,-0.0550469235253
-0.0614535232148,-0.0502646981981
0.0249912704839,-0.0257800234562
-0.0167555633703,-0.0934937202357
-0.0785867282103,0.00845951443297
0.0713491384783,-0.08346805126
-0.0766786616818,-0.0170608922695
0.055060001868,-0.0822390368013
0.0951463595749,0.0236612508002
0.0244009211413,-0.0470253453418
0.0328979796618,0.0762192359937
0.0773419412004,0.0306992289985
-0.102600313715,-0.0167483273269
-0.00711317758756,0.0578952059484
-0.0440718997502,-0.00544712714012
-0.0167789930892,-0.0597751864131
0.101789134902,0.0719415225179
-0.0170380842026,-0.0216875519109
-0.162717276904,-0.0613487141881
-0.0222226704162,-0.0111753451116
0.0677372295763,0.0722765695001
0.045318344058,0.0502331677215
-0.0717552885418,0.0314856202659
0.00144540895993,-0.0606098584793
-0.0678947200672,-0.0941146787808
-0.0842286049122,-0.0835535982039
-0.115374725085,-0.0507582573125
-0.0647969024864,0.044353236917
0.149798022709,0.0626673177341
0.12143525434,0.00614854048386
-0.0620349974576,-0.0380335109031
0.0114659093961,0.0444869770765
0.0265937740974,0.0868453042178
-0.0218567279398,0.0586863594547
-0.0780429677706,-0.034561698522
0.0183207420115,0.0300839314258
0.0590558257006,0.0768670859545
0.188003253864,0.0756184420757
-0.0298399972327,0.111729013751
0.0435969123585,-0.0427173736301
0.0880428601229,-0.000307368629784
0.0772860437143,-0.0249941889645
-0.143672003429,-0.154651165987
0.0290098736622,-0.0381810390727
0.00869622760511,-0.0246124132877
0.120335578072,0.0442344909992
0.0352441418026,-0.0530501267671
-0.0874980708774,0.0941822592848
-0.040461846186,0.0639415031509
-0.0868052271164,-0.127077034328
0.0205945278259,-0.0306541888873
0.0638761368576,0.0431657402245
0.064314145806,0.0461984124906
0.00384950714274,0.0542820233805
0.0633418450639,-0.058575820258
0.115839624135,0.0465660736485
0.0451715769999,-0.0442070976762
0.0606577413464,0.0101978742867
0.103929476924,0.0492210080499
-0.0333299927863,0.0292715990711
0.0319569300425,-0.0128336086999
0.0203403363826,0.0257304276191
-0.0580921840456,0.027577717327
0.073420047945,0.20062914697
0.00345235398749,0.0322929816148
-0.0106771540571,0.0503349832468
0.0642854882449,-0.0258853852207
0.105645568627,-0.0399343570552
0.0408601010369,0.0397551805225
0.16251890714,0.124569534184
-0.00316389118699,-0.122395023566
-0.0375521069254,-0.0191847547228
0.0600178933637,-0.0145317401961
0.0202443247742,0.016434676992
-0.0557145150514,-0.10744499878
0.129636144112,0.0920623029446
0.0608976286217,-0.0592019316082
0.0305976408924,-0.0353751238218
0.135871873322,-0.0137219694631
-0.0955854173598,-0.090052239808
-0.063227244672,-0.126916558168
0.0952010370169,0.100287285186
0.0998269672912,0.031483308334
0.0751976304528,0.0995982504118
0.121713333604,0.0843626996574
-0.082580371328,-0.0223760414565
-0.1078438765,-0.0657199441623
-0.0223505518368,0.0251461485143
0.0136046158411,-0.0177361995111
-0.0516455106725,-0.113398275284
0.101971853299,0.0432807960857
-0.0501340397484,-0.00700455100066
0.00445876167671,0.0177400870128
-0.00846374103086,0.0571626221219
-0.0645356589929,0.000797690009983
0.0410175713381,0.0152031982539
-0.113454698619,0.00495277777399
-0.0414743600097,-0.206433738858
0.0628022170211,0.00717023718028
0.0118553736803,-0.0808380580255
0.0849867131861,0.0344662603505
0.0930381741842,-0.0115272484734
-0.0549804508754,0.0551913108327
0.0364188698628,0.124155011187
0.0343808147261,-0.117638496015
0.0677881011503,0.202691477874
-0.035874478671,0.0325240807703
0.138793170907,0.0806391378352
0.0609473200843,-0.0267051912385
-0.0545841196014,-0.0498510853829
0.032518995207,0.112005842336
-0.00750535784885,-0.0376008966431
-0.0326624465227,0.0601146062416
0.0984725341831,0.0576844654461
0.271848663936,0.0805422598501
0.105566190568,0.0136542451848
-0.019049568269,0.0111382322116
0.0213271801774,0.0990160502293
-0.101703264242,-0.0548520354252
0.0738433515915,0.0727326063515
-0.0230494318099,-0.0170465606817
0.0850270698942,-0.0279278017734
0.0333248815475,0.0887928391332
0.00644886060047,-0.0931790546438
-0.0232476920435,-0.00681835908497
-0.0166585666362,0.138678490171
0.00701322546544,-0.0333566178624
0.00281976803027,0.0371232926772
0.0945087673393,-0.0524971440264
-0.0949980698422,-0.140161192329
0.0141777446284,0.0397222529849
-0.057476237178,-0.0587701530605
0.0779064747226,-0.00629143605128
0.0462950155341,-0.0105981917596
-0.0425921359446,0.0147476850875
0.0434349250392,0.0719473527641
0.0412182398099,-0.00698185549419
-0.0182913920437,0.0561656915181
-0.0868418876103,0.00475017853386
-0.0522260590268,0.051800981046
-0.0924908958416,0.0805934951021
0.0546194430934,0.0170902541829
0.0347835383977,0.127648149723
-0.0678420420934,0.0252549344365
0.0737732481436,0.138016819506
-0.0309031718994,-0.118275139087
-0.0569612429052,-0.00853130684705
0.067479087946,0.102494924295
0.00185506190448,0.118013610295
-0.084347818454,0.00833229562135
-0.0259799237536,-0.0613715409884
-0.0690736798716,-0.115438070092
0.0422212575906,-0.0157021947979
-0.0524173023048,-0.077267737105
0.10337482475,0.17586408025
0.0935460539315,0.0847193501296
-0.0417866087941,0.0236011016972
-0.0567823518572,0.071350244155
0.0904081518027,0.115166284876
0.0540855283081,0.0309754888839
0.0407292357893,-0.0283436388808
0.0447355085748,0.114587147368
0.0561124307126,-0.0440216363958
0.065855804054,0.0912570637241
0.141580879882,-0.0191254470356
-0.0320079320458,-0.0400717118505
-0.0127461304605,-0.0243013249798
0.048444699916,-0.00853401810131
0.0190959066264,-0.0296820801194
0.0374995143078,-0.0260742157817
0.0937035507162,-0.0613868543457
0.0147909664751,0.000340225645943
0.097503482035,-0.0364711102186
0.0759112439416,0.0149892573525
-0.144416444371,-0.0764592755407
0.0740738977615,0.0231937756399
0.0622884009061,0.0685397378234
-0.038416822361,0.0183841859095
-0.0169811566365,0.0126808397733
-0.109897303902,-0.0334927895066
-0.0455942815797,-0.0276287870436
-0.0017356615155,0.0240306588998
0.0534431677767,0.0554297880466
-0.0620276130202,-0.0798999007821
0.171136153223,0.0316421712627
0.0795775434971,0.0593468703344
0.0296450995973,0.0111250055136
0.168859065184,0.0472466769358
-0.0692999256144,0.0301872485568
0.120808863147,0.131074874498
-0.0304549663,-0.0195818722971
-0.0447814111809,-0.00475449538476
0.105048036583,-0.0362867567073
0.14465667088,0.0676975036702
0.0403413121728,0.0232319249777
0.033455996147,-0.0225478845401
-0.0976566961115,-0.0531721239449
-0.059278755895,0.0872393573191
-0.0862070941412,0.00549063515346
0.0303180951309,0.0654280225734
0.0837043709127,-0.0144936723841
0.00285291819967,0.17542902274
0.00991305089932,0.115227157209
-0.0723632156258,-0.0566925533895
-0.0617701102761,-0.0318559548175
0.055624458898,-0.0553609686112
0.11649622416,0.0925448447611
0.0832056483152,-0.0201121423431
-0.12380542837,-0.0832247871047
0.0103172460667,0.0167029076439
0.0407021656572,0.0428000732883
0.207235386275,0.0109671964198
0.00967322419058,-0.0719249155998
-0.0333642417231,0.0752097774393
0.0921636483417,0.101564086898
0.0105675217599,0.00770359098975
-0.0135815926457,0.0481923258497
-0.00184142168381,0.0165719370242
-0.0118144102331,0.110989779783
0.0395992633345,0.0470190938905
0.0462296570642,0.0274120033524
0.00121410481326,0.0168898738394
0.124193940901,0.0583637204902
-0.0446786094733,0.102430980236
0.0104684157401,-0.106914423949
-0.0836907220032,0.0337825012002
0.0487040300788,0.0567176410649
-0.0647366572776,-0.0644661138918
-0.0566714901346,0.00437914285669
0.0898008484999,0.168252632419
-0.00911485302817,-0.0108916953207
-0.0259302014431,-0.0220003632722
0.0300268415422,-0.0618155299181
-0.0530424574362,0.0411001990123
0.0482909300139,0.0768981767705
0.0164169172772,0.0660294564079
-0.0759047755242,0.0266000500639
-0.00126417410221,-0.117122730856
-0.0151912677153,-0.0240860315386
0.0411695605417,0.0914412829755
0.0102401128048,0.110788091939
-0.00748466471523,0.0229825046382
0.0912543257686,0.0404223943846
0.0175455554332,0.117166919578
-0.005117608988,0.0685347327946
0.0522554679894,-0.11509006605
0.00307769017813,0.0435430484218
-0.0258807661681,0.0824215038317
-0.0333099480492,0.0761752747179
0.0302001737417,0.0796015006496
0.138184096525,0.119903236482
-0.100605885933,-0.0310709105619
0.009008507182,-0.10603454956
-0.0552829036646,0.0156444362902
0.0205046842479,0.0487151878933
0.0184486120155,-0.00109417452812
0.147920369346,0.111077676088
0.0244763013088,0.0471924291255
0.0531647829146,0.0555300420906
0.0550114585936,-0.111093593975
0.103037564598,0.00803686004574
0.00200701703662,0.049369947347
0.0450048189848,0.0859979223842
0.00567340260903,0.0220463227011
-0.00665380290423,-0.0125319705171
0.0542621120677,-0.0800399979458
-0.00807944076921,-0.0340139490028
0.0639969882569,0.0228688077338
-0.103795151864,0.0202171731717
-0.121683356258,0.00607115835359
-0.00587760196663,0.0214009174417
0.0540562644069,-0.0191143048746
0.135944385201,0.0442791538066
-0.1007075797,-0.130879119661
-0.0201602952973,-0.0167230223372
0.0314845409907,-0.00288055326117
0.0600342612657,0.0162805139353
