0.00461726999448,-0.100795869584
0.0904302514453,0.074856959215
-0.068312790948,-0.0881428162841
-0.111934555813,-0.123957833462
-0.0607844455702,-0.0116220889557
0.0417156949012,0.0806224665421
-0.0398588113466,-0.127592014785
-0.0627729421118,-0.127006756161
0.028480221622,-0.0610174314975
-0.0155739919673,0.0561850493598
0.0701552570154,0.039762622567
-0.125076770144,-0.0885756781055
0.0581781243923,0.0327518011011
-0.0184432691631,-0.00399988319872
-0.075008367463,-0.00878102696339
0.0597312947924,0.0151343255536
-0.0281643101426,-0.101159351299
-0.120514283651,-0.113682054053
0.0657516989923,0.00613430183977
-0.0323439412432,-0.0645488839076
-0.066289058551,-0.00454875880919
0.0638398857131,0.0816849255501
-0.0987700396105,0.043731199979
-0.140464493776,-0.0385542443466
0.108603650709,0.0172375340891
0.135383590919,0.0553188148077
-0.0341705486956,-0.016208128561
0.0270608926577,0.101442523801
-0.121107744418,-0.119641004543
-0.0949181945393,-0.0443744866607
0.103309451026,0.103875917659
-0.0226276974855,0.0244411528424
0.0939870965858,-0.0431602285389
-0.0646406876485,0.0417634775313
0.11853768721,0.00532424127179
-0.0238060330236,-0.04438236341
0.0190139004518,-0.0777726252625
-0.0111728869078,-0.110955797854
-0.0511810466514,0.140605665637
-0.0752114136671,-0.0215409981605
0.0460051445647,0.144369236433
-0.250205314318,-0.103818256421
-0.0953149046817,0.00271280991217
0.122696753605,-0.0713625438512
0.00535657985513,-0.0165028169046
-0.0727467469388,0.0697369011619
-0.0184573899287,0.0266893482478
-0.172018063833,-0.0164560457415
0.21575886248,0.171783108006
-0.134370896913,-0.0281946892963
0.09130187436,-0.0369128547439
0.0391561814174,0.0476514857666
-0.0899287304289,0.0152353234908
-0.101049295086,-0.0649680311921
-0.0514887366463,-0.0967856441234
0.0748304983647,0.175944749624
0.0660798210104,-0.0802058295034
-0.0142314996154,0.0755968082725
-0.0675962298926,-0.00461180990524
0.0152684091314,0.0831264602867
0.0399255298595,-0.0382056769977
-0.0296307561048,0.107021917037
-0.0335269048147,-0.144095863688
0.0148574465488,-0.0739841631732
-0.0606703241638,-0.051091720243
0.0583705313186,-0.0233272192738
-0.094326898968,-0.142523256332
0.149497652529,0.11078714953
0.127856554287,-0.0186641971457
-0.0167313790912,-0.0589805439202
0.0725624602944,-0.0275218746492
-0.00782406268813,-0.0187884207499
-0.096314111193,-0.0585924146082
0.111105692657,0.0302545552897
0.0496392690776,-0.00275231912477
-0.104978937378,-0.0272483564998
0.0744378383923,0.0304035146975
-0.0252308692582,0.0787231062307
-0.0959623493376,-0.0145553225544
-0.063914192735,-0.0482511723831
-0.0659717899959,-0.0185194587793
-0.185355475169,-0.10106469996
-0.0860315041263,0.0681508075301
0.0293539840123,-0.0333498586816
0.0643693719597,0.117022053335
-0.0220227115703,-0.0458519695264
-0.00617877347705,-0.146526951275
0.0128639656263,-0.101786099323
-0.19142634807,-0.017560576523
-0.0166959947932,0.112369517207
0.059324873509,-0.0175458747759
-0.136205287884,-0.091447666263
0.150510126071,0.0242843614037
-0.103343044869,-0.0469434925915
0.0613448096485,0.0120031701905
0.216769096675,0.122079434307
0.0838397575879,0.0451245834655
0.118011156926,0.0953306388515
0.0171215930306,0.0568425384864
-0.0609689017999,0.152506090596
-0.090252965498,0.0786958810276
0.107549092083,0.152783087005
0.210105833124,0.181889858295
-0.0786607335547,0.0508551152542
-0.0654184234168,-0.0617396911293
0.00785749119369,0.20610728729
-0.0490349611981,0.0283565411559
-0.0741387093674,0.0580562254621
-0.149238623934,0.181141097038
0.0759598354413,0.00992865770158
-0.0183731981062,-0.0133348284737
0.11220747552,0.0474339491378
0.114198033604,-0.0612559374453
-0.0496549924012,-0.0974068710357
0.106412660746,0.0177661402096
0.118655750874,0.0915869163544
-0.214279373374,-0.132052809428
0.00882678361504,0.0426704801957
-0.0455464457252,-0.0778676628937
0.102464801693,0.0980788526678
-0.0238602033982,-0.141251918022
-0.023422919116,-0.02448389265
-0.0605444478944,-0.0272202432589
0.0353721453711,0.10932386579
0.0156002247494,-0.000654266776237
-0.066570567399,0.0620703496366
-0.0723671151544,-0.00227307822392
-0.0169868788863,0.0439398315661
-0.0886346913229,-0.00448260490397
0.115877238095,-0.0922340992831
-0.0859705367171,-0.0392956616635
0.070905543048,0.110581819481
-0.0206764774115,0.045951083624
-0.219973822504,-0.179561490732
0.212862854469,0.0898126127158
-0.0205462627382,-0.0746616982561
-0.0018683113741,-0.029171726404
-0.0713870348975,-0.0113709155838
0.111176769502,0.0815446576659
-0.145531072719,-0.0791968715375
-0.0139415525984,0.0889460792718
-0.0199765160979,-0.0697606254458
-0.0022388697594,-0.0276901346738
0.193006358224,0.0671451703598
-0.125047965264,-0.0302010874593
-0.0236215083063,-0.0224011554178
0.0941553440532,0.0015548740812
-0.140668857276,-0.125760597247
0.135712152137,0.235935672924
-0.314429765651,-0.159006091815
0.00733499434921,0.0697656196563
-0.122689584988,-0.0488027806025
-0.0206337733135,-0.055836785785
-0.132279389936,-0.032031297567
-0.0441438205205,-0.110045121596
-0.0199742804721,-0.0858635290583
-0.128634033614,-0.169313190194
-0.038757998944,0.108494784636
0.151556795478,0.0311026458722
-0.140707427965,-0.0882528807781
-0.0122984930626,0.0578682109968
-0.22922807041,-0.0961307183081
-0.0790839975622,0.0404679290783
-0.205805078435,-0.0778962382331
0.0758309197257,-0.027647587227
-0.0544385141649,-0.129119228287
-0.0218496274254,-0.0560720271021
-0.143161671393,-0.162674039632
-0.0389642508531,-0.0781458799006
0.0552759375931,0.0215980994578
-0.00663299066954,-0.0611054608906
-0.0740465388138,-0.0921651236904
-0.106743330054,0.0263595012881
-0.062083224074,0.0350138845473
-0.187444831876,-0.0457727800811
0.0325730300528,-0.00660301371507
0.0237830630961,0.0157249827717
-0.024656608236,-0.0221010775162
-0.0355101766745,-0.116462038416
-0.173301690289,-0.0278152240386
-0.050386429493,0.00897963701824
0.0347820322859,-0.0496648133445
-0.0296107509626,0.11523355083
-0.0959515924623,0.023329552107
-0.0210490283276,-0.109577525551
-0.00204436822478,-0.0413746504752
-0.062631486213,0.0188643505363
-0.0103989203246,-0.0389327457526
0.0105543703318,0.174006155404
0.0998216345218,0.0681401499523
0.166484204371,0.167192710562
-0.0448457491073,0.0774657792009
0.0763511359719,0.203738781926
0.0269755047335,-0.162978447382
0.00631392245328,0.0369292571308
-0.125318913137,-0.0878613428833
-0.175775921958,-0.19526699292
-0.107202027336,-0.0746625457249
0.0818906581876,0.0869359656508
0.0553666331129,-0.0453028022595
0.0869742799738,0.0968747612804
0.0528939243825,-0.0616961013931
-0.0951028141119,-0.0537107346793
-0.0118870781691,0.0179253285764
0.0411309751292,0.143224305965
-0.193026696415,-0.0976601849498
0.0547455271024,-0.108477413025
0.0438475701693,-0.00897929279498
0.0683537232659,0.0112282304767
-0.101231839499,-0.0173578703497
0.0976720584589,-0.115547264637
-0.0120866799553,0.0690393719121
0.0186988630224,-0.0370649994303
0.0698759146012,0.0836356664114
-0.0920413583632,-0.031104644613
-0.0981873251028,-0.0680717381279
-0.175235369539,0.0397812698524
-0.0981576773095,-0.107173890838
-0.0260026142821,-0.0924439480477
-0.0612368932196,-0.091504568692
0.0553077447787,-0.217834320777
-0.126435351823,-0.0500731786128
-0.0760053703338,-0.0393863364048
0.105019084444,-0.00718494074404
0.117204686489,0.0702000001494
0.0177265782121,0.0010057106509
-0.101039484287,-0.0366996023181
0.270154688477,0.0922896567591
0.0810478500959,-0.029489198742
0.0432080207441,0.0149845823268
0.0752747163671,0.00570658429936
-0.037316928954,-0.0230781923412
-0.0352375918206,-0.0283299592745
-0.137657092931,0.0619214179842
-0.00398575675665,0.00903552110277
-0.0968922177167,0.008311639131
-0.0515825012677,0.0533045123047
-0.0327271277484,-0.0341417312738
-0.0119349531102,0.119894577676
-0.160457045411,-0.0321262640024
-0.0904136729034,-0.0543226074607
0.0823962335457,-0.0107154406187
0.0133026200885,0.1296697155
-0.119287324901,-0.0930271740425
0.0993123358764,-0.0533130997273
0.0402934013371,-0.0434614300476
-0.0280888105772,-0.0160671378109
0.00593696973613,-0.0294933437286
0.117235225879,0.20394865619
0.200822719369,0.00287880411028
-0.133520167517,-0.125521865846
0.0359884363122,-0.0598531925932
0.000371623513439,-0.0654467293207
0.0110069995267,0.106038512544
-0.0918499476835,0.143738848686
0.00918336280597,0.0538425498364
0.00809840121315,0.133274248146
-7.70607414383e-05,-0.135400434591
-0.0512291655972,-0.0206856182995
-0.105121699228,-0.180740322971
-0.0427512411502,-0.0228290733249
-0.0315086147496,-0.140176942919
0.0841104713764,0.166172534768
0.00138721155094,0.0653720858273
0.00182838633279,-0.0272393553621
0.0701035592889,0.138067184891
-0.219798748005,-0.225035806148
-0.0641827266197,-0.105367700837
-0.149816984153,-0.10992644781
-0.0174691547555,0.0649809086083
0.0688924579821,0.0604679416275
-0.0709138147984,-0.0419714334417
-0.106619354498,0.0149034909601
-0.0236844188536,-0.0247824759953
-0.075933268759,-0.118725541188
-0.0291429823062,-0.018272527189
0.00293584334188,-0.030081895336
0.0636046265301,0.199675363521
-0.0491756352191,0.0623285749777
-0.0858954999849,-0.0378457831342
-0.129031476744,-0.262775520865
-0.0784718987696,-0.0135473818747
-0.0375590989702,0.125930037177
-0.0289645964641,0.00419531326103
-0.0897829961134,-0.0283145943761
-0.153570115026,-0.0613092131992
-0.0472788650562,0.0749676879664
-0.00897741507083,-0.0426041814225
-0.0267093929486,-0.0359802267416
0.129943986847,0.0757450446548
0.0262125174941,0.00762535149894
-0.0434826134816,0.0383618945439
-0.0818057820133,-0.164427992676
-0.0537988108158,-0.0475390048495
0.0338247151632,-0.0562401647675
-0.160356589993,-0.191110759838
0.0850409071563,0.11336288681
0.00429651756178,-0.0550880706068
0.140649720489,0.0955451564063
-0.0687471957785,-0.0412348360162
-0.0185459620566,0.0257299129704
-0.00485554793096,-0.00522980413556
-0.066935145592,-0.00147553110417
0.0148926001588,-0.0902113832884
0.0454111126293,0.0639859884776
-0.21064208867,-0.0822608630264
0.0702653387022,-0.0237441092619
0.220046610316,0.167743559879
0.0526287148339,-0.0526826498838
0.0329387803407,-0.0672835061908
0.0199371900942,0.155192079378
-0.00618110599643,0.0211969592246
-0.0712132501273,-0.116972541087
0.0876281573548,-0.108289088102
0.0352375980839,-0.0166819062311
-0.1167039672,0.0242760663065
0.0144214812117,-0.0899860437535
-0.0737872657737,0.0640349457705
-0.0350470350228,-0.0302476709324
-0.159328579189,0.0531522626807
-0.0683237104517,0.0161952384659
0.0477245974751,0.0628902417101
0.0287477095515,0.0497838647466
-0.088486947906,0.0944749768768
0.0219897976329,0.0551843386987
0.0528234020486,0.117287766894
-0.095695867733,0.0252566474833
0.107070101847,0.0502902674882
0.00890985588727,-0.215525873819
0.120096277491,0.00388454730326
0.0613972961455,0.211533330768
0.17482676465,0.0811429140292
0.083405963366,0.0648367430964
0.117231791617,0.0585869509684
-0.0140012440069,-0.0628306498703
0.0223646764148,-0.043320268799
-0.0654955659784,0.0122639324222
0.0671550344169,-0.0659623500031
0.0187633277387,0.0976685417938
0.0361985700681,0.0928708663466
0.0138645092772,0.0431863861018
0.0020444838112,0.0544592845681
-0.0409652773443,0.0381912888948
0.140504351296,0.0267521974006
0.0110386580059,0.0193762690192
0.0778289696717,0.0505231950828
0.0392869753069,0.0165858437614
0.00719040776171,-0.00209718791507
0.0352576453708,-0.1557399994
0.0195945460229,0.0196900203815
0.101655125832,0.0299632910181
-0.119488639733,-0.102800281853
0.216115006143,0.103756305609
-0.0309895474148,-0.10617772683
0.160749183189,-0.0261499927482
0.0800584148542,0.099195083286
-0.043536339883,0.0402369717727
-0.069975781608,0.0519039988019
0.00942328439418,-0.0934103055693
0.00846038088411,0.0268513835408
0.0955676441127,0.0668744369017
0.0179035760603,-0.125764539443
0.0809613392358,0.0369474347611
-0.0494157984465,-0.0862958287039
0.0020844473969,0.032167495777
0.0262184094213,-0.0902722802542
0.027142605025,0.0259496066017
-0.0740253906368,-0.0167478554852
-0.0219551323053,-0.0630136995743
0.0171828464634,0.0565541376947
-0.0551281362259,-0.0151534407667
-0.0909269680966,0.0813161810021
-0.0342610625939,-0.116781530909
0.0548128345377,0.0261432404627
-0.0187360668934,-0.0132190169331
-0.0650917141974,-0.0980596246053
-0.0260327460645,-0.0963246412646
0.0240678231635,-0.104656697847
0.229915578848,0.0738511195802
-0.123158830996,0.100692569781
-0.0666279963893,0.0497298102314
0.0573437849582,-0.0217931389494
-0.232196324839,-0.177477136611
-0.0494237470251,0.0213626270315
0.0771092587871,0.0830469174525
0.0816450267847,0.0655221071065
-0.10061822953,-0.09010983697
-0.068268282102,0.0220894863136
-0.019356058669,0.0678543934367
0.0728154785217,0.172748045908
0.0457667630604,0.0601199065385
-0.0559902877871,0.0416774818045
-0.0276516008956,-0.0135660447701
-0.0504333755695,-0.0470814701454
0.119580316837,0.0789695954863
-0.0898451062291,0.00696484522856
-0.0172987069499,-0.0599894130419
-0.0228329265813,0.0228258419944
-0.0570540328556,-0.0739760654835
-0.0522733993726,0.00814445150129
0.068663253139,0.155948997015
-0.0132208743141,0.120859927282
0.0840360192026,0.0900050122812
-0.0353559446376,-0.0208065382391
-0.104838026091,0.0262414836402
-0.054881487993,0.0891475576316
-0.0114482187236,0.116610118801
-0.007593910709,-0.0100944068049
0.0725850397082,-0.0126932496066
-0.0733349386623,-0.00070636190971
-0.0446496585596,0.0200546723408
-0.0217463568592,-0.0301405352615
0.0148665781811,-0.0825388929617
-0.00256934706478,-0.0289090551731
-0.108729992775,0.0566355446408
0.0138589598846,-0.143806619113
-0.0914639189711,-0.17357950183
0.0885274889776,0.0201142662057
-0.0320394269116,-0.0844449631804
0.121534968435,-0.0483210376482
-0.00620501276015,0.0317368147574
0.0839622360881,0.175843825185
0.0136125177039,0.106722557762
-0.0622944334981,0.0496415402631
-0.110531449553,-0.0629745331903
0.0159225032677,0.0442449534809
0.0234357217228,-0.0225590534102
-0.0511995192649,-0.0376139100395
-0.0660783643185,0.108249437985
-0.00831633966668,-0.0377220469157
0.0032248020241,-0.0418500300268
0.0954084759287,0.154637868311
0.125449898856,0.0231098633606
0.0521276831679,0.165470768147
0.0651601723971,0.166273036819
0.164476544394,0.175835344369
-0.0606212206358,0.00221435224668
-0.0692608463818,-0.0097676152865
-0.0339724841544,-0.052859797394
-0.0219898332446,-0.0625607465874
-0.0857332457856,-0.0111271178675
-0.0332020708325,0.067912127057
-0.0369410041523,0.0148170009995
0.116588744311,0.0475931838525
-0.10865990059,-0.0215381527287
0.00342336342726,0.0331437624609
-0.0802555553097,0.103652191922
0.0186267281905,0.142597670763
0.0953847963638,0.0331497831242
-0.134561478491,-0.0323502494729
-0.146432374894,-0.0906449628044
-0.0281870614049,0.0284860615379
0.205947053432,0.112012071924
0.0293477209581,-0.00272863600567
-0.0315489013604,0.0205885886466
-0.100811537278,-0.0220283551543
-0.063933448871,-0.0618395981879
0.158183034376,0.00115551413931
0.102928066117,-0.113907448996
0.045181448368,-0.0456197108759
0.00804123541731,0.0122342972273
-0.226508226161,-0.152754394091
0.0833320225019,0.21865650334
0.0440394567218,0.103290999808
0.0305846182405,0.0314987191261
-0.0263473561102,0.0659558972951
-0.219027264295,-0.147833399083
0.105646636752,0.0230229462442
-0.00380314162655,0.0269741622603
0.097688697716,0.13097575733
-0.0360741148174,0.0531219444318
-0.0458277929601,-0.0222138571794
0.0310873646708,0.00541723298587
0.0810963896892,0.0820687613569
-0.0665620495508,-0.179097101092
-0.0237913443601,0.030014778581
0.0281858250768,0.0884631213855
0.0580975766317,-0.000414426793364
0.0235544010122,-0.125713670963
0.165278342323,0.107075892583
-0.125873812467,-0.120181152836
0.034371644358,0.0857636602172
-0.0543443881923,-0.123761720541
0.0507215849832,0.0877010228814
0.0788567594084,0.0988139605923
-0.0968904030234,-0.177048270192
-0.0710613169105,-0.0154019764191
0.0821623808589,0.00805462609917
0.0255538044889,0.0901267741542
-0.0321758533968,0.114195220026
0.053708934162,0.179582645055
-0.0805390569461,0.00402610335697
0.00367036651325,-0.0514529659167
-0.115178892739,-0.165572438108
-0.0305945694355,-0.0473610676818
-0.127023701919,-0.0220722335743
0.141624558299,0.0279486770148
0.0215387927802,0.054086796432
-0.0180581478877,0.100823835303
-0.0296480933138,0.136939310382
-0.0710975268045,0.0852463094567
-0.0316499452867,0.068123322358
0.087252210733,0.0951059484732
0.0772758850432,0.0393773603535
-0.0393374089623,-0.0111087267135
0.021967983735,-0.0873579727799
-0.0406273828365,-0.0143109354337
0.036266405942,-0.0860788058789
-0.0863295006445,-0.147232409513
-0.0735683805963,-0.0301727108074
-0.0248842242844,-0.0422672415116
-0.0519621920936,-0.106213717245
0.00963717444061,-0.0452029197202
-0.0889212249701,-0.0746550426091
-0.129546491761,-0.0256901349221
0.0255564843594,-0.134149890885
-0.0637603213758,-0.0206284682532
-0.072094932278,-0.0462442194661
0.0541416672137,0.0703275893975
-0.105283362716,-0.00663931104112
-0.0466983938527,-0.211296116736
-0.120760059048,0.0611560834392
-0.0458022443931,-0.0142874823529
-0.0526360338194,-0.076321448677
-0.0233108549243,-0.127682537602
0.0298427861095,-0.0265766302359
-0.155485192822,0.0107232838951
-0.17611147498,-0.046072976461
-0.0377389266308,0.173856315518
-0.127160630405,-0.118106512803
0.0639335422816,0.0291501965782
0.088765537784,0.0445012021078
-0.117385353516,-0.109063617154
-0.0167917792901,-0.0145214973455
0.038513053707,-0.0547019123007
0.0818294332858,0.0977293644461
0.0132834847057,0.00525039729362
-0.124903123256,-0.00296661782212
-0.100241873076,0.00150919549548
-0.0939312110332,0.00791695702998
-0.121661220665,-0.0533843950062
-0.0852967612172,-0.0636022493787
-0.150348126884,0.018992697864
-0.0296454668177,-0.0213070377577
-0.0951222912911,-0.0363805894086
0.0794996073149,-0.0445509514322
0.135614829868,0.131639032148
0.00374974155612,-0.0684509705874
-0.0361598463852,-0.010821180629
-0.0383192336795,-0.0468423520879
-0.0649659696576,-0.199630684158
-0.0272875809596,2.67634228703e-05
-0.0565712234793,-0.0520480084492
0.0820982232225,0.128167570402
-0.0303021821472,-0.0488754953402
0.0427619892568,0.0167677811597
-0.0530250434134,0.00306580268177
-0.100967685272,-0.0694612694213
-0.0271844880379,-0.0822421489207
-0.241398509497,-0.0258129601251
0.086109239144,0.128865645515
0.142852577968,0.108231880935
0.000565086164788,0.00794015772384
-0.00352412711861,-0.0639224358051
-0.00374014856261,-0.056600598211
-0.069705294366,-0.0247766646163
0.0289332633749,0.0606318190606
-0.0819778611762,-0.102256152394
0.0260473754649,-0.0371312064182
0.0593649703955,0.0382401074543
-0.0456271530811,-0.0852556181506
-0.172151998845,0.137329879461
0.00225964056332,0.0924880237352
-0.0571738769937,-0.0759683187382
-0.00849653997694,0.161598500712
-0.154066686577,-0.168047213476
-0.109424692518,-0.159456756944
0.0275940028729,-0.136895896443
0.0477373598192,-0.000861721608103
0.0524482987594,0.0712299244666
-0.097980513544,-0.157727532726
-0.161438465636,0.00199190576722
0.118828446115,-0.0208441158305
-0.114226237574,-0.0675165169288
-0.108080297502,-0.153399109948
0.0230866105094,-0.0433272024749
-0.0466764540444,-0.0306654824489
-0.0753326585524,0.178338470729
-0.111407306548,-0.143790747003
0.00436329704233,-0.0262995694938
0.00149890837418,0.022776792786
0.0132434702897,0.0258682411962
0.0244443005683,-0.00930667162529
-0.0304034110824,-0.0134350606948
-0.0300934190578,0.0251720164756
-0.103980236423,-0.0128447749775
0.10475371577,0.0678367750849
0.272304065205,0.0168342122561
0.0178208839741,-0.0211635859755
-0.0179667060688,0.00526199349811
-0.0354483777259,0.129456882903
0.050608316877,0.0122907746951
0.166190299627,-0.160435304138
-0.00763528528718,0.021225585281
0.00697520221349,-0.058363350116
0.0069976741608,0.0183772024913
0.00274457648865,0.0712704241341
0.0828806545549,0.117007940745
0.00649755134888,-0.0398320701531
-0.0243771657268,-0.0431635029597
0.155137845051,0.0802106086918
0.0120724151374,0.0962749478312
-0.137532179381,0.0502130423213
0.107713019202,0.119271098624
-0.159921038395,0.0243236072203
0.0816084700464,0.198482168809
0.0534688623384,0.171573151799
0.0775456204767,0.146166776089
-0.12681957146,-0.0760521871254
-0.101778851124,-0.16959408877
0.039819567364,0.110237775916
0.00377477011911,0.0388120980366
-0.0559035469549,-0.14258051405
-0.0519554605592,0.0609541871079
-0.0429551069785,0.0117300218647
-0.176432143381,-0.0694174510379
-0.0869878040031,0.0171561192328
-0.0405636512605,-0.168106811603
0.00335481081882,-0.0331799987568
-0.0698384558544,0.0842037391912
-0.087276616488,-0.134671991719
-0.0144751090355,-0.0397045176338
-0.0979068842527,-0.136022622348
-0.120293929705,-0.0165223393593
0.154545184882,0.103719605129
0.11668123033,0.030454203121
-0.0727870703911,0.0265984283791
0.0155569766726,-0.0392635458544
-0.0327501395493,0.0803546480071
-0.0240041544548,-0.0775111120349
-0.062043372308,-0.189988964209
0.104934039685,-0.0316741475789
-0.0620620952668,0.0464350459814
-0.0349089418663,0.0236633608488
0.00829828904809,0.0726847526261
-0.0148107241802,0.0965747435188
-0.0732329718696,0.0163609531576
0.112144784666,0.0501039671521
-0.047191139632,-0.0198706973716
0.0886583076103,0.0785927171667
-0.0953128914201,0.0822539390687
0.0381141181732,0.0716898149505
-0.0352208907248,-0.0020985558857
-0.00303309019117,0.0871828196839
0.0935969576351,-0.050839100641
-0.0167311166757,0.116333278316
0.0445930329719,0.000981067811839
-0.0621970564362,-0.0470414139662
-0.153781232396,-0.0536245002947
0.0104556204557,-0.0104018450635
-0.0291226216504,-0.00278157334856
0.00233701192574,0.123755977612
-0.0806866932415,0.0200274867736
0.122276322659,-0.0427201334033
0.0645920551554,0.0495486495285
0.0366792683345,0.0355456242416
-0.0299979843573,0.0131994115551
-0.131176024009,-0.08078309686
0.100443367127,-0.030771967759
-0.150884181768,-0.0993336793407
-0.151276558905,0.0432082853695
0.0164925611727,0.14630563558
-0.175237721124,-0.0144560321858
-0.0531060526834,0.0555913062562
-0.197487319131,-0.0134601848162
-0.220635617345,-0.12841447099
0.0357268256647,0.221288077341
-0.0932568635248,-0.100615751981
0.00343590158197,0.0770405768924
0.0406189550511,-0.0627308284708
-0.108180581459,0.0301492863998
-0.0873599112777,0.0755923773395
-0.0392453386078,-0.0260431962524
-0.187109589394,-0.202062366417
-0.012600892672,0.0321639582122
0.0308577981476,-0.000645189919181
-0.023764148174,0.0727079709012
0.00828695615123,0.0204666590288
0.000657753484535,0.0612375970983
-0.10415153785,-0.0532857989107
-0.0295400260585,-0.0100599196785
-0.020656811221,-0.0886444196715
-0.0921935933235,-0.0701400750909
0.121291328246,0.195969186927
0.132916770555,0.024023679698
-0.159513838439,-0.0105485055892
0.11071487038,-0.00341054763107
0.14034736491,0.0192875623558
-0.35596687503,-0.29739754825
0.161998488216,0.0669133677762
0.00661367086286,-0.0485074651124
-0.161579571754,0.00968728924101
-0.019383995072,0.0650589737827
-0.00333381855507,-0.0757013855083
-0.00316254664482,-0.032312582028
-0.00758635898757,-0.0712299716499
0.0141560982528,-0.0931233395486
-0.0168102756012,-0.0723332482786
-0.0447020528722,0.0984379121116
-0.120903717178,0.00839222522283
-0.117660854257,0.0335227827129
-0.00568263169104,-0.0716421844177
-0.00688559298076,0.0628695715826
0.011874776811,0.0918074147674
-0.00273929221085,0.0289538007237
0.106581809457,-0.0282907423791
-0.0292247708571,0.0192683139515
-0.08855139084,-0.00507775598788
0.0891530821398,0.0564216142763
-0.0116026587868,0.0163141494785
-0.0450464557163,-0.0313756018607
-0.218340056805,-0.0607231001981
-0.00413677010614,0.132802622507
-0.23589845167,0.00808680019025
0.0197206331294,0.0902202308285
-0.0132555783059,-0.0628813084516
-0.0332626082554,0.0993254960447
-0.00829794380027,-0.112261820064
-0.135061781149,-0.0657967261837
0.0827091861279,0.077916879688
-0.0561202561324,0.0189462006025
0.0895689816025,9.69776956105e-05
-0.082914702787,-0.00549285052616
0.045929882012,-0.0729309937335
-0.0767410654753,0.100718217494
-0.0851669961344,-0.061601830809
0.00270178799527,0.0157832015646
0.0723996257706,-0.0519547557048
0.128640121804,0.0533006385685
0.0854469095707,0.177203378216
-4.19241687042e-05,0.0624524264028
-0.0205354074458,-0.100131368512
-0.131970599096,-0.0383643347814
-0.046231415401,-0.0179340568007
-0.0891728478806,0.115962984414
-0.030657825754,-0.12887064753
0.132990211854,0.0161240248467
-0.207050086715,-0.0714701096534
-0.0654999249255,0.112004975382
-0.0714625696274,-0.0246973806258
-0.0916868408534,-0.176514282012
-0.208035081119,-0.168827861348
0.0804798205347,0.0028569993729
0.217233591003,0.0297464550216
0.0706168271429,-0.0783695261889
0.00482606507198,0.0454582177417
0.0258115406989,-0.102194527329
-0.0443543520186,-0.0561691786099
-0.00942648585266,0.0431258917058
-0.123374616141,-0.111552678543
-0.0466109059931,0.0313037714084
0.118916954779,-0.0105506357412
-0.0654705119932,0.103652004297
0.0666106347121,0.063583027506
-0.0324312235221,0.0079335141924
-0.00708487616513,0.115021615746
0.0169436031982,0.0238154361093
-0.150857646215,-0.0936789941029
-0.0417183804233,0.00740756321866
-0.10290706651,-0.0954069592567
0.0257050647207,-0.0454045688299
0.020091759209,-0.112325776675
0.0387284758286,-0.0503156858548
-0.00122517040858,0.0654917443308
0.0959736336687,0.0401095518812
-0.0120053712224,-0.0812943872054
0.0355423891469,0.00373688044322
0.120934720357,0.151192550501
-0.0345341217005,0.0353628218675
-0.0373171655984,-0.0235180602083
0.000569666391017,0.00408454274313
-0.0501962144024,0.000241840179738
-0.0829791703336,0.0359102087057
0.0783693365648,0.0147464798431
-0.0206486272058,-0.012205000523
0.00610407737328,-0.181344356416
-0.0465638689831,-0.0829267752335
0.0525146254641,0.10691039857
0.0831190436259,0.00888543199925
0.0157234205634,-0.0687512054385
-0.172827381921,-0.103157765846
0.0315304823189,0.0604996747436
-0.236195625687,-0.108350100801
-0.0987097850527,0.00445855137615
-0.0363807566446,0.0296308505942
-0.0646006097694,-0.0852955276026
0.0815588951845,0.10173491022
-0.153442718359,-0.0940011535556
-0.0314288308321,-0.0887291098905
-0.0197874376764,-0.199038301486
-0.207704059177,0.00531897921623
-0.0870112410823,-0.0117860919673
0.11162516369,0.197908911479
-0.0335269930837,-0.0172587698924
0.0956946487748,-0.0241435807854
0.0138397578753,0.0517080404095
0.0221861511367,0.0566537589398
0.227655005617,0.142192732918
0.0938153379079,0.132557578661
-0.0354659409824,-0.00739619106574
-0.0645129529708,-0.002060183486
0.0738958006477,0.0249467631044
-0.0506280812562,-0.056203222825
0.0978557779652,-0.0313944430954
0.00865373581913,0.0245135107898
-0.0708264097904,0.0282021647972
-0.0765087731889,-0.0770674432218
-0.0163280085091,0.134429804901
-0.118581683056,-0.106191333794
0.049821877295,0.0854302673654
-0.111451108141,-0.163230743003
0.0160123052269,-0.0990691999489
-0.134484530474,0.0362497740406
0.157517376107,0.108511318618
-0.000974331847421,0.0628486679158
0.0164267249197,-0.0469155480413
0.0851891205091,0.0412577972691
-0.0286784320722,-0.145097312395
0.0790920112824,0.0119878059467
-0.17479446258,-0.189496924998
-0.147375053759,0.041947039393
-0.0362195250101,0.196474165983
-0.145811634075,-0.0230443194414
0.00993144523921,0.0714926772008
-0.04409871093,-0.0636176674124
-0.0642198252035,-0.107550536285
-0.0365898935138,-0.0409839247719
0.0487641861758,0.0487374529122
0.0785315263891,-0.159526417677
0.07945728441,-0.0323676500835
-0.0501474073915,-0.0122114797063
-0.132791442429,-0.238318107449
-0.102076357363,0.0487203225269
0.116623898845,0.0776949580595
-0.0189477389613,-0.104972007269
-0.0789372144874,0.0642189677911
-0.0656508408592,-0.194161535281
0.163950324015,0.0582875995053
-0.136979644514,-0.177611783966
0.0433951113355,-0.00121609528515
0.0511903110024,-0.00931760705972
0.0413714385465,-0.0711445831465
0.125467328723,0.0988687393794
-0.0549802518374,-0.0243710732909
0.0834202403858,0.17377520609
-0.0862840065267,-0.155979233481
-0.0620113751112,-0.152750976166
-0.0919504141223,-0.0200998145829
-0.00653839770237,0.0329641038277
-0.0401200477781,-0.000570919857756
-0.123353072476,-0.00517866039549
0.00756685829556,-0.0206234539487
0.0681005904076,0.0849301440014
-0.163645282952,0.0175229185343
0.00703516983125,-0.011914692112
-0.0488730259643,0.000554791902568
-0.134133406983,0.0962771652941
0.209821076131,0.119722117114
0.0577482152897,-0.0565094720618
0.019889742219,-0.124807470081
0.011057628555,-0.00238041129325
-0.0459141108869,-0.0483276209696
0.0414208651419,0.107475916642
-0.00183247161456,0.0534253388696
-0.171962124923,-0.0873647548259
-0.0455276364364,0.0665012968904
-0.0826811901876,-0.0572231283664
-0.0650265937124,-0.138209029316
-0.161679299584,-0.0682265087616
-0.102971854274,-0.010945206129
0.00954681752123,0.021642175091
0.124922975932,0.0232814256658
-0.162758749034,-0.088727626729
0.00397874211695,-0.00646964799367
0.0910072457883,0.0661592471681
-0.149326015375,-0.0683080839505
-0.0806941027681,-0.0194320600055
0.004651721305,0.117186664839
-0.000683482882687,0.00661641735528
0.0584640954234,-0.0102217114697
-0.0164824650539,0.118581882101
-0.00331230269345,0.047424275268
0.0330187650511,-0.0397527154163
-0.0515266793162,-0.0577480802665
-0.0533189486102,-0.0566375971171
-0.114553403216,-0.0443126220896
0.0658569838282,0.150031196594
0.0181757782409,0.034132966349
0.11202500264,0.0153801927762
-0.0290450316905,0.131739362412
-0.0100151828603,0.00696073410327
-0.0597907730257,0.0363652643769
-0.0484325799536,-0.103032452254
0.0697355090025,-0.0857981154056
0.00981624076401,-0.0019061569664
-0.194134708474,0.0268333715215
0.00333216374922,0.0981268631725
0.0487694488018,0.182134506086
0.019820098943,0.117346507063
-0.0438602932566,0.0779304018133
0.0738680161136,0.0891358237298
0.0400037297878,-0.00612330002481
-0.0930355484369,-0.04173202132
-0.0119005502052,0.099127213413
-0.072568509322,0.00808417818572
0.0780269042191,0.124852298628
-0.132164389401,-0.144061353969
-0.0924027761252,-0.179491769212
0.0622882053837,0.0511241187115
0.0869864194494,-0.0104114890459
-0.16552484445,-0.0271375076466
-0.196801854105,0.0452829125703
-0.106271914978,-0.183047206833
-0.0563028218571,-0.00979000267084
0.0362000088439,0.0178575430793
0.00217801424202,0.200391132938
-0.0415570423525,-0.105176732659
-0.239325414289,0.0119750363665
0.0258421009472,-0.0163102236507
0.150386232964,0.0609725048267
-0.0297399864397,-0.00385962068784
0.0554790806126,-0.0150167190723
-0.0262485075592,-0.033878687873
-0.0714298160282,0.0766870197157
0.106162658447,0.0657982974212
-0.0213686115886,0.0809866778036
-0.0651307094011,-0.00675221896749
-0.0135925602785,0.0411397161649
0.00629837846968,-0.060259920731
0.186652850305,0.113347856529
-0.0250422833016,0.0174623500515
0.120272985526,-0.0889582466811
0.00318591526046,-0.0566763864135
-0.0291255145668,-0.204298935407
-0.140367134049,-0.0043953542628
-0.154442472313,-0.0640103801605
0.070521178394,-0.0930254526874
-0.097490867702,-0.0692236571558
0.124870352781,0.0411842218793
0.0922336398187,0.033158192193
0.00331608664635,-0.0206004694668
-0.0907611627243,-0.0907979407567
-0.0121038999739,-0.0563654693932
-0.0505739371229,-0.12410687313
-0.130022234773,0.00143309980197
-0.0975854608186,0.0111546151531
-0.0105165622309,-0.0728738669369
-0.129526500659,-0.00415847462952
0.0944768984269,0.044347012581
0.10403781363,0.0698156187441
-0.0804316148699,-0.092072964185
-0.0191040897431,0.145848724683
0.0599535804917,0.132683781867
-0.091964303955,-0.118048363021
-0.0181462962287,0.0831642406839
0.0903063363167,-0.0703503771536
-0.258898040949,-0.00283790350688
-0.156380878075,-0.106953337817
-0.0295205068649,0.115364589996
-0.0957372493804,-0.0999513336756
-0.118491120688,0.0840415854918
0.00471765458648,-0.0272827214719
0.0241378720619,0.0357804679732
0.0323325014664,0.0266732233983
0.0528803904962,-0.0833619792636
0.0475742846416,0.0674035980932
-0.117180802977,-0.0648555043579
0.14454835835,0.0607086143382
-0.0104409394823,0.119412962203
-0.179405919634,-0.159072749554
-0.127376889888,-0.137682699755
-0.00119454790854,-0.178914132777
-0.0584277439072,0.0518915157159
0.0889500619035,0.00163932304971
0.0400522036796,0.014507052072
0.0640434113153,-0.0373211953974
-0.0849944700489,-0.0483539084472
0.187467279478,0.0856133266565
-0.0768078529771,0.000682504154009
-0.0638977617808,0.0143570047721
-0.044877321848,0.0514953042517
0.102566868057,0.0109681243078
0.0151637211712,0.0704120494695
0.226957018918,0.152310401409
0.0315101305196,0.0449423758884
-0.0221600422286,0.0478590279063
0.094730941448,0.0484766243458
0.0469304317777,-0.0142089298721
-0.0671762021638,0.00590133049138
-0.00807041505659,-0.0172619858524
