0.0638009449797,0.035240691828
0.0709597685257,0.0644092966705
0.03756387203,-0.0438034520887
0.115839567559,0.0411566703224
0.0354860516038,0.122051675848
0.0530192926522,0.0575140349522
0.200101183661,0.0570577988425
0.0122401332737,0.122293879506
0.156244300578,0.0443940495215
0.0595506183005,0.128977734862
0.149085130545,0.0489893145288
0.0444351802374,0.0383298606554
0.133101769032,0.162342362229
0.188875536234,0.0818916609005
0.133020258296,0.0281395236701
0.10743128819,0.0781939270974
-0.000721183897646,0.0712803632487
0.0275664072967,0.0484037172364
0.0597557492381,-0.00718213955701
0.116032130097,0.0749217230609
0.150803265836,0.046098347333
0.137092286255,0.116196221868
0.105275864982,0.0797283336508
0.0923472290583,0.0918338574086
0.141562388089,0.100234646621
0.0516180912915,0.00686781184874
0.112360067796,0.0710495562452
0.125482571186,0.0633041678798
0.0321479852215,0.0337091028061
0.0165511746087,0.0141620939728
0.188875536234,0.0818916609005
0.0824899122366,0.0374091325294
0.117561804112,0.107434855926
0.0639225110469,0.0430299841824
0.00339527681031,0.126377339507
0.144968266982,0.0609549054836
0.0252414727697,0.00813259189238
0.0658887413343,0.0572111434379
0.143606039801,0.0839401119247
-0.00878030740097,0.0165687102057
0.204505547042,0.0378235911122
0.0349241273239,-0.00840567031484
-0.00891899860815,0.0509632144871
0.192553702199,0.0424550799776
0.0531626519117,0.00218776394076
0.0917466076891,0.0266533280871
0.0932098734698,0.0739562096418
0.161326880777,0.0669761409325
0.213710561475,0.0723292115222
0.190449408546,0.0742339491469
0.0879904290794,0.0750448676616
0.0408299087725,0.0857946263993
-0.0116170914439,0.0741678177993
0.0644379947133,0.0756088593167
0.0672642720605,0.141779139944
0.069614408791,0.062042115416
0.168288130802,0.127949486747
0.146006311777,0.112488141145
0.223942452917,0.0745973787764
0.156271403414,0.0511412297776
0.187870293965,0.0914494278369
0.0424130768585,-0.0276378085613
0.137920085438,0.0510293078458
0.113600642945,0.0677548044207
0.0832324307759,0.0740830313272
0.0418290720282,0.0135552886561
0.0331016820172,0.0739823157287
0.0531626519117,0.00218776394076
0.0899989564146,0.0736529054563
0.0780695933934,0.0260568584865
0.161326880777,0.0669761409325
0.116947745357,0.0686672869333
0.13564712909,0.076953134911
0.0644816936879,0.0366194473521
0.0959940589142,0.0180943786272
0.0783603532028,0.127110118047
0.0628336201985,0.0603919567169
0.0857263041592,0.104468131071
0.0232880289072,-0.00135942550864
0.10123149423,0.0467849791479
0.166245842144,0.11469120022
0.173471288159,0.0961097048056
0.106562919674,0.11997094388
0.187583340948,0.041993639521
0.0393112459715,0.0665616823497
0.136860405903,0.0221757584038
0.0558762821268,0.026665733287
0.0670652736911,0.0584211333277
0.0687984367047,0.0953662023187
0.167076185952,0.0916049264846
0.158533559244,-0.00350031277474
0.0976853910217,0.0882439273999
0.0678146789914,0.0243294935061
0.0590730755418,0.0583300177376
0.132765809548,0.0257445347305
0.0375129043931,0.0509879443853
0.232531903297,0.0631738347671
0.0634388554983,0.0474796424334
0.0782037663454,0.0343051889022
0.0274958197298,-0.00465786654105
0.146104394517,0.130312808358
0.136717618269,0.0466885644276
0.157195062015,0.0311397357564
0.0518603676194,0.14262116503
0.0698553519068,0.123403456107
0.0700277544055,0.065762423452
0.158047346145,0.11826084916
0.198080550667,0.11639728131
0.103540399191,0.120552563197
0.187188783027,0.0251762383985
0.140615354581,0.0536320612377
0.122520454622,0.0823593354416
0.0644379947133,0.0756088593167
0.111469815334,0.0803891369679
0.0918004790196,0.0948128851071
0.0747379154247,0.0793933129364
0.147066388981,0.0166356093675
0.11845765632,0.097572621177
0.149414383432,0.0690326437642
0.0974959265355,0.0607467707645
0.101538988127,0.0502655956854
0.0824928556812,0.00808021364035
0.183407398656,0.0768487784559
0.166400076448,0.0656453561664
0.132131737716,0.159219317915
0.0757757547432,0.0677464381422
0.0791667467481,0.0217833318167
0.0225956472645,0.0739678864055
0.170838738162,0.0982472933409
0.0937428520069,0.0861082207526
0.0237273564987,0.0666167315192
0.0712333709052,0.125985813393
0.0856860953156,0.0917092682629
0.0115033183604,0.0408973062346
0.157964328275,0.120397079226
0.0119386510863,0.0315677572373
0.118684339775,0.028357242394
0.121291507463,0.101023740721
0.11713579874,0.0698126045187
0.102617854233,0.0807538761418
0.0970857542055,0.0970019108091
0.0180957352288,0.00948204606478
0.0816131588682,0.058462626396
-0.0116267047837,0.0687355135686
0.144520859716,0.0613614267218
0.152599409103,0.103118237647
0.108787056577,0.0944649748608
0.100329777679,0.0641978903081
0.0170287173674,0.0848098110975
0.0533048444982,0.0635832343507
0.116853075782,0.0855595882624
0.0798327946007,0.123276634421
0.0908189362589,0.121903812436
0.193347469297,0.0497277879457
0.0902998969632,0.0338089567827
0.14269950602,0.0764883530523
0.0789092940377,0.0830651350047
0.128722747957,0.0362257098096
0.08665104269,0.07026787386
0.0743890023609,0.0508760604425
0.0673406601403,-0.0365360295232
0.161878047373,0.17766990545
0.0124691830857,0.0497389159151
0.0300143415186,0.064787778401
0.0707987472188,0.0986698514292
0.0384830195088,0.0734890876421
0.0595544480916,-0.0127708476359
0.220122094365,0.0526384892893
0.160740470377,0.0782823061053
0.0679691521212,0.0227738314423
0.100067364164,0.0238292697007
0.0437525065411,0.10384201795
0.161128514989,0.114914959541
0.123619506006,0.0601382332087
0.115343756735,0.0819618670036
0.142158653011,0.0449842666161
0.0212454066643,0.128406539295
0.0471040375676,0.0492961285535
0.0534933762972,0.0837682566024
0.095736448165,0.139589175253
0.171591972414,0.0056292295651
0.0270986795121,0.030414618598
0.14084501715,0.104210790699
0.110635189587,0.0584774142025
0.114422168525,0.0453346351725
0.108098473633,0.062037614943
0.0672149019044,0.0264148206821
0.0397105585931,0.0545230119526
0.127340175721,0.0228604356507
0.112019209008,0.0191977808353
0.133173734176,0.105137770412
-0.00388832378177,0.102395524641
0.0363036939451,0.064920239008
0.0682780899748,0.0928356381476
0.0953718961725,0.09725775059
0.216320973284,0.109043140003
0.0157296490286,0.036582263221
0.0428906196173,0.0430099085634
0.105560388004,0.0848507055014
0.0558858571083,0.0284201800977
0.0568917695923,0.101572661388
0.128765946445,0.00729666985244
0.149706112481,0.0503718740028
0.241390667101,0.0862298717002
0.087017155116,0.121844282084
0.110601809973,0.0233757456854
0.148782453879,0.070373368024
0.147274630784,0.0427490841911
0.0863249854894,0.151750885243
0.0413529996545,0.0682147232161
0.152202715423,0.0625183223947
0.0899989564146,0.0736529054563
0.150649031532,0.0951441913864
0.0672149019044,0.0264148206821
0.0990968660166,0.0418156941221
0.127664649982,0.030829319476
0.0402953511146,0.00984399678089
0.00906222507405,0.0333942322192
0.104690195912,0.0199122863127
0.0352691399846,0.07745566979
0.151094989336,0.0647079736783
0.13660590481,0.0429713135613
0.04777799603,-0.0103589669821
0.0949520624548,0.0721759261299
0.141330189752,0.0894607360761
0.192089322207,0.128934302049
0.0897152479517,0.0986396787723
0.0698864301671,0.0167366060391
0.08009040535,0.00178183779551
0.115823369885,0.095980858276
0.162877167768,0.110107543148
0.163489706358,0.0690321288745
0.0767278528473,0.0552027760893
0.12148824717,0.0578528369957
0.191419832668,0.0345491221607
0.127885373793,0.0996381770208
0.148280807392,0.0976873749073
0.0576625639473,0.0666736042815
0.0548494051184,0.0589031864427
0.0859356961683,0.111524579641
0.103887722715,0.0457881591879
0.174438909151,0.0584509534073
0.0949520624548,0.0721759261299
0.131436378172,0.0607036791558
0.122625424801,0.104349624349
0.0596966406781,0.0486246227741
0.0808893339034,0.0789011765442
0.142007907654,0.0644774903402
0.0442675193915,0.055808244775
0.0586697636698,0.0808620759299
0.132131737716,0.159219317915
0.0394873065429,0.0464832772053
0.183537335912,0.0818037334892
0.100636758584,0.0580674129442
0.135992373416,0.078929074753
0.173291783607,0.0996207294147
0.192553702199,0.0424550799776
0.09210496934,0.00189069085718
0.0835429389347,0.126083801093
0.0857209239352,0.0931883478882
0.186751505871,0.118402640726
0.0782093609123,0.0728349499296
0.0969264646046,0.0676712589499
0.0953718961725,0.09725775059
0.0389670426595,0.0332869782109
0.130812813036,0.0704090741193
0.162217241789,0.0666188359091
0.0380914716593,0.121370344947
0.206108818553,0.102042862092
0.143314316301,0.0653304855794
0.0494647492368,0.0463564555199
0.109730184646,0.133714717892
0.204478444207,0.0310764108561
0.0445258354371,0.0666998653476
0.103898578582,-0.00498505207169
0.227744633424,0.127547721119
0.000278448079668,0.0305239420902
0.135387460345,0.101324990809
0.100931101026,0.0240384536398
0.0555583504466,0.0798734950108
0.136269525814,0.0327722392987
0.0704139970145,0.0404869232112
0.151094989336,0.0647079736783
0.0768166100176,0.101520356345
-0.00699797010396,0.0168175760701
0.0596966406781,0.0486246227741
0.102681341155,0.0815366369527
0.18461879486,0.0921234359322
0.135508751455,0.0472448402311
0.0818398777031,0.0632376022246
0.124023876638,0.120440170835
0.00324049110373,0.0647321901064
0.105056438442,0.140680851605
0.0971312635708,0.03920005901
0.0997176344303,0.0653925220158
0.148421331051,0.114190862452
0.0966681273532,0.125913684786
0.0831095333777,-0.00579080301694
0.125044581992,0.0756622907324
0.123357828785,0.0189468682305
0.0367451568533,0.104592773355
0.0768166100176,0.101520356345
0.0516180912915,0.00686781184874
0.161909965341,0.128800681977
0.100250904611,0.00907615790845
0.172069515173,0.0762769466898
0.192107744394,0.0728912976858
0.0791667467481,0.0217833318167
0.110640784154,0.0970071752299
0.184477303853,0.0863129349061
0.070274944299,0.0353814751375
0.0901819794362,0.0560249550803
0.0224862677489,0.105384726841
0.203325983327,0.077209399827
0.0790881700422,0.00567142175769
0.0391431555658,0.0290792038974
0.129116955275,0.0622034518078
0.130126778206,0.108688116055
0.168288130802,0.127949486747
0.0968532108151,0.0330405490936
0.0419757997022,0.0655885937663
0.0787385741455,0.0664999339538
-0.000401105404581,-0.0120030087634
0.0428975602747,0.0635346753082
0.0482841141858,0.058133830668
0.0864795384118,0.0118500672956
0.018267239507,0.0678998526292
0.113715537196,0.077667650148
0.107008877478,0.0895347261717
0.0318006616975,0.108473506815
0.070253137197,0.096742311646
0.123255613559,0.130803736158
0.0888581426267,0.129513860533
0.165879729718,0.0631147919953
0.0831953471034,0.0698556961274
0.00699883665157,0.0544208775721
0.162300458085,0.166329106376
0.195948499717,0.146582257581
0.19445442358,0.173095427427
0.0539843979825,0.106110185204
0.0622680399484,0.00802926429039
0.114807928464,0.0207816993973
0.157567634594,0.0797971639739
0.0906407391414,0.0398505455629
0.0375129043931,0.0509879443853
0.17053189521,0.101481761343
-0.000401105404581,-0.0120030087634
0.163820851847,0.056824411325
0.0987840691395,0.0272275267208
0.13660590481,0.0429713135613
0.0682971424175,0.12204583819
0.109252641887,0.063067000767
0.141971401069,0.0342608210599
0.0670844676994,0.116406755008
0.00953976783281,0.104041949344
0.159787866053,0.076799817431
0.0881856233042,0.0951058353413
0.176426174503,0.0281611706435
0.0732187660931,0.13843978461
0.100393987287,0.0362406095633
0.102860845707,0.0780256123436
0.208457355763,0.0587676208094
0.0909664025935,0.108131890515
0.13988241831,0.130551256092
0.107583460783,0.110071388118
0.04777799603,-0.0103589669821
0.099566188105,0.101407523585
0.0909234620995,0.0241035618192
0.0919098585351,0.0633960446712
0.0790635283417,0.0340192909513
0.113092737148,0.0802937795979
0.0687984367047,0.0953662023187
0.207199751374,0.0752564025761
0.112380414842,0.0436815943061
0.128080443861,0.0509926440049
0.171834248742,0.141382582746
0.128258367965,0.122704931881
0.158435857418,0.118291375966
0.0934090605007,0.103115316237
0.124703430122,0.162967121689
0.0529204448234,0.0467686332525
0.100838631356,0.0328426560353
0.171305925599,0.113486579967
0.104584195075,0.00790869182468
0.0729765147562,0.0842935775137
0.0180957352288,0.00948204606478
0.160300003769,0.0992135940883
0.0789092940377,0.0830651350047
0.10444598509,0.142395260619
0.125044581992,0.0756622907324
-0.0256596301598,-0.00746361290335
0.00152442620534,0.01099443145
0.091610051133,0.105400375206
0.119760161103,0.0834818105996
0.120758528926,0.0888717296097
0.0121814223835,0.0533945606182
0.0987921577163,0.0894027049608
0.148362620161,0.0452915435638
0.140143875718,0.0368473204435
0.179648152473,0.0896698014972
0.11727190765,0.0873079864988
0.100554481904,0.0962314336361
0.0565833736741,0.164310693826
0.132908511271,0.110312976096
0.115839567559,0.0411566703224
0.178113987829,0.136082739123
0.142367517662,0.100850070393
0.0811665145604,0.0878047132638
0.105425342678,0.0205833445351
0.113003979978,0.0339761993426
0.0417934662625,0.0472834352332
0.0944202909248,0.0269656446937
0.11845765632,0.097572621177
0.0474566081514,0.0317815630622
0.128722747957,0.0362257098096
0.104891465307,0.0629137325525
0.178924525617,0.0245363635081
0.0672149019044,0.0264148206821
0.0936558312741,0.0435199919336
0.103887722715,0.0457881591879
0.00785301462607,0.0473265268419
0.0457300812379,0.00716887345279
0.059349317154,0.123389026783
0.0911317039035,0.0502170366428
0.0439576374787,-0.0323178564692
0.0706412857993,0.0298046622603
0.056983010463,0.0241466534279
0.104881890326,0.0611592857418
0.0805679481088,0.0724295549202
0.11845765632,0.097572621177
0.137572761914,0.125793711855
0.146100064999,0.0346537258211
0.172198883995,0.0738732007427
0.101916255924,0.103820353056
0.160300003769,0.0992135940883
0.128722747957,0.0362257098096
0.0909821729898,0.0930028807075
0.120813964705,0.0303760235959
0.014244810806,0.0323679152653
0.181386243065,0.114499817966
0.0491791973908,0.0402872561214
0.175866754742,0.10822259049
0.134068314331,0.0116537241531
0.1793787983,0.0287764141452
0.177230534341,0.0832886817642
0.0790635283417,0.0340192909513
0.0317065706475,0.0115915892141
0.0207899395606,0.0469148575287
0.136830609035,0.0750048568894
0.125050753646,0.0882027176792
0.124941363586,0.087898249867
0.146297300688,0.150701842278
0.0909821729898,0.0930028807075
0.0542285031002,0.0435817403295
0.154935084597,0.0819347525091
0.109453943033,0.0686557088459
0.166979448892,0.0230348928297
-0.0197249525222,0.0353886707195
0.107742730924,0.0341616665233
0.188594228794,0.047697940197
0.0492280679306,0.0127851487279
0.147066388981,0.0166356093675
0.113860533022,0.0442439713831
0.161326880777,0.0669761409325
0.182380521647,0.109086231612
0.16410302288,0.0248613678115
0.147916662357,0.075727761272
0.039644526099,0.027343668781
0.182380521647,0.109086231612
0.0898694822557,0.0495938347189
0.161043147043,0.0568982526102
0.178672956484,0.0766458298007
0.120217023718,0.0395149295969
0.0940013010174,0.085430239895
0.135943055357,0.036968463686
0.204564257932,0.10672291
0.0665466040153,0.0209927354919
0.106663864818,0.00367338606688
0.10826693895,0.0290948522615
0.176948577652,0.142501703122
0.13700259849,0.0835712288138
0.0825786694069,0.0837267127847
0.105275864982,0.0797283336508
0.0876713015066,0.101162394149
0.0392684774366,-0.00550776940513
0.192553702199,0.0424550799776
0.19639379746,0.0596818588085
0.192612413089,0.111354398866
0.141734142675,0.0266788483485
0.138911060774,0.103755916968
0.12148824717,0.0578528369957
0.0462348848711,0.0243507773958
0.182198188208,0.0907810730786
0.0791667467481,0.0217833318167
0.0227969484109,0.0795565944843
0.0978863189019,0.0550373370325
0.0858493027374,0.107877979801
0.133960375883,0.020237712409
0.106615127243,0.0196058920301
0.0133002104777,0.0264413477291
0.0895871432833,0.0548970845508
0.14893368422,0.0850043160982
0.0893034095493,0.0448191962285
0.162507117405,0.0595337319826
0.0957235270249,0.11998711725
0.177517296823,0.071897395643
0.15901434532,0.0726415352782
0.121198185417,0.0121261629172
0.0741851524711,0.121744776586
0.140641392605,0.0952092995658
0.0608048184756,0.0761352393849
0.0809652134139,0.082216005185
0.167441515078,0.0899761585716
0.0207068833322,0.0453732301746
0.1477175303,0.0802005422667
0.0883779328353,0.0688293791735
0.182380521647,0.109086231612
0.0508854219388,-0.00237641150395
0.197016597508,0.0570557293586
0.077966374987,0.0382928176211
0.0895445280595,0.0820744777215
0.125939743333,0.119642803342
-0.0513492070894,0.0759056353232
0.0472972096062,0.0185981711007
0.163042945676,0.120713899589
0.139285158116,0.0956704711766
0.107598580234,0.0882272937712
0.0033499823784,0.0908797946494
0.0637980015352,0.064569610717
0.216453503382,0.0938295170229
0.0942012689334,0.084128682006
0.14025699293,0.0783946984676
0.204779189798,0.0982042017322
0.069614150783,0.0432465517971
0.0636385662484,0.0315516681759
0.0533867200988,0.0146673660407
0.0677549990927,0.110415541331
0.134877862831,-0.012304208559
0.157396363162,0.0367284438352
0.119878329022,0.0488397541532
0.0831185554686,0.0427273615139
0.109057249353,0.0280557935934
0.150912655896,0.0464028151452
0.123689112592,0.0690441968296
0.118764499271,0.0943381531754
0.0701897977151,0.0496109991404
0.0753853623769,0.0734558718741
0.0670768806101,0.0511333733875
0.0903586078534,0.102708275671
0.147131271525,0.0980753552026
0.166503294855,0.0534093970318
0.0615107883166,0.120187048644
0.00613694972768,-0.00641123181453
-0.000723454443039,0.0142051836593
0.0638523494017,0.0798357589759
0.11784855242,0.0487244767507
0.125956413498,0.0875036238305
0.131290355794,0.141056791244
0.115449045533,0.0130971820168
0.0357251649683,0.0221279715917
0.0953718961725,0.09725775059
0.0937027150683,0.144262137941
0.134979943647,0.0931094470654
0.0757063975688,0.0890878343738
0.0582497055989,0.0393690453599
0.0951342130172,0.0403530175744
0.144497972685,0.136921026421
0.15081933385,-0.0424947626582
0.0940500385924,0.0694977339318
0.0371872156085,0.103072662175
0.0170287173674,0.0848098110975
0.141970823981,0.0602501551405
0.131705732344,0.121597066508
0.0548494051184,0.0589031864427
0.157943935098,0.0984591578716
0.0607891404401,0.112067776394
0.124172444671,0.166392231777
0.0788399228744,0.0563828959983
0.0870252923229,0.0840274684128
0.130195821381,0.0926917322642
0.129713107215,0.0936552726997
0.18995440234,0.112379941357
0.050144302721,0.0888834063734
0.101763692352,0.0822991390134
0.114422168525,0.0453346351725
0.176203657333,0.11552613492
0.213710561475,0.0723292115222
0.160117670329,0.0809084355552
0.141701469809,-0.000643232211589
0.111128163848,0.0248275412687
0.0491113108833,0.0225243024139
0.093946820186,0.0817336930663
0.147308640317,0.0707818164635
0.08009040535,0.00178183779551
0.130409501164,0.0929411323116
0.16945836707,0.04038576258
0.0923003618738,0.0369018980308
0.0676115955846,0.0670147359346
0.12306200961,0.0862519670359
0.0586913984093,0.0581823897105
0.149885778888,0.078640268301
-0.0146857221352,0.104752230089
0.157605123373,0.0156693086201
0.0750691987762,0.0658383561738
-0.0218489828852,0.0718996505451
0.0598810712148,-0.000359507773318
0.176976628296,0.018175960488
0.0271015084001,0.0522308017401
0.0622986655106,0.112461627968
0.17643006351,0.101183499763
0.119517733524,0.00172008939959
0.204999741735,0.0715917010203
0.0607891404401,0.112067776394
0.101935818653,0.108539530283
0.0397887887303,0.137209399474
0.109934498148,0.0278246530832
0.111283546244,0.0705838917213
0.115839567559,0.0411566703224
0.122755346924,0.0814784644429
0.075546741535,0.136486073298
0.0866743582125,0.098244768164
0.0316182635253,0.0631556617348
0.115839567559,0.0411566703224
0.120460211518,0.0738044370395
0.059349317154,0.123389026783
0.156271403414,0.0511412297776
0.106663864818,0.00367338606688
0.0904211669183,0.0703755625654
0.117561804112,0.107434855926
-0.00250106328356,0.125195416382
0.112483633248,0.0314456351715
0.0581245362888,0.0491539778261
0.0907774397219,0.104456673907
0.230824829873,0.0804489921915
0.174283233301,0.0723909599181
0.00306032460223,0.0845072586136
0.180359709691,0.133361252303
0.141909711613,0.025470242612
0.15697811686,0.106745430522
0.150322561075,0.0993404157737
0.141354146285,0.0741211717978
0.107977239867,0.0477657876203
0.0812724898622,0.0200341591173
0.137827210661,0.128188700795
0.0806603416154,0.0102708629928
0.148470419229,0.0890980156132
0.147745942465,0.0591625602211
0.100212830418,0.040669837937
0.107960095999,0.0323293202632
0.0634412512008,0.151141363324
0.134212520274,0.0185889060348
0.0392045835848,0.0622302609489
0.0414675838118,0.0220211067429
0.0650615598497,0.0659034643532
0.183450942481,0.0781571336487
0.115449045533,0.0130971820168
0.0590730755418,0.0583300177376
0.19154845993,0.052012846914
0.0642494896194,0.0447632738369
0.153169572527,0.145340720689
0.10106112675,0.0704728524547
0.150803265836,0.046098347333
0.13824112063,0.0666612703455
0.102860845707,0.0780256123436
0.0338640501199,0.0874468614626
0.17692978875,0.0161608908882
0.00379502696035,0.122869253453
0.114484098159,0.0345385764196
0.220102357655,0.0573705999456
0.181476540331,0.0826618008287
0.0967048116614,0.0772502079946
0.189588289914,0.0608035331324
-0.0172835948101,0.117063753964
0.0794511311675,0.0242031576155
0.161129296661,0.162803452944
0.0597832363207,0.00336072534272
0.0501640394311,0.0841512957172
0.193468027144,0.133802944575
0.101538988127,0.0502655956854
0.0987819987476,0.0838562525731
0.106903907299,0.0675444372645
0.00231659117631,-0.0283701213017
0.178672956484,0.0766458298007
0.0708036668066,0.116168289908
0.076385951053,0.131614785227
0.169731701657,0.0645038357153
0.13394814122,0.0373304924194
0.0373333998414,0.0544989689944
0.150003380451,0.0453829591904
0.0526044877271,0.0461602947007
0.186815087551,0.119138378457
0.102638375329,0.117874370999
0.0183945894852,0.0816426569941
0.102860845707,0.0780256123436
0.0854553245216,0.0190606793746
0.120041536444,0.0650084656913
0.00871490154996,0.108158636229
0.130172819858,0.0593698255196
0.205491943478,0.0771160739641
0.156001424612,0.0704054701881
0.125044581992,0.0756622907324
0.109227523185,0.0735336868779
0.0791484594992,0.0565451389429
0.101568299819,0.0472879318398
0.109453943033,0.0686557088459
0.0219160937802,0.0314409355519
0.0866621209435,0.0751331294234
0.0441291417569,0.0260999500952
0.13556498406,0.0851676351016
0.0211436655193,0.0660733776473
0.130762032651,0.113160788465
0.0437557025698,0.0252140982198
0.202745113067,0.11625318324
0.196967859933,0.0729882353219
0.11784855242,0.0487244767507
0.0778203526094,0.118645929709
0.115433590272,0.053351825078
0.114059939576,0.0616006407695
0.0697022994278,0.017289122851
0.0601519416476,0.088818298194
0.0894089513541,0.035996020148
0.154935084597,0.0819347525091
0.0821815291892,0.118799197924
0.103861684691,0.00421092085969
0.0583480665316,0.022977630129
0.0642255330866,0.0601028381152
0.101139289612,0.0337927834124
0.0732402743617,0.106657203838
0.163437503597,0.137531300711
0.102769825498,0.116859511209
0.00850325641867,0.092831141541
0.125818612381,0.0876671093568
0.0847861146671,0.0414571623355
0.178643644792,0.0796234936462
0.0494647492368,0.0463564555199
0.14161876695,0.085983617887
0.146620431176,0.0470718270757
0.106903907299,0.0675444372645
0.115067139298,0.0757891124179
0.235769329913,0.0401118339854
0.157040827711,0.0801855798098
0.0219160937802,0.0314409355519
0.0604681052482,0.0964358138943
0.214634220077,0.052327717501
0.111582826185,0.0513884453542
0.04777799603,-0.0103589669821
0.041546924262,0.0924965325299
0.201624116142,0.14880304922
0.0290793650753,0.0960148233436
0.0948129275171,0.156694659912
0.149462007363,0.112900318878
0.179338317728,0.100306350153
-0.0369275851452,0.077111256976
0.0219160937802,0.0314409355519
0.152525446356,0.0978060861758
0.133504073923,0.137170804472
0.106527456827,0.0744129484535
0.0713095425081,0.121573120763
0.184229795403,0.116106627406
0.0205722828423,0.117215579007
0.104157076888,0.10668154654
0.135647338672,0.116420638771
0.0529490998573,0.082567481885
0.0916949266696,0.0719147529394
0.138830376848,0.141026238337
0.0739903326704,0.0353500757174
0.127625594602,0.0404992364794
0.0782630254972,0.0516329711063
0.112901634624,0.0735119654404
0.0409685999797,0.0514001221179
-0.0156604482818,0.0419172363357
0.0165511746087,0.0141620939728
0.154846327427,0.0356171722539
0.0300239548585,0.0702200826317
0.0374224820393,0.0379670261189
0.116130212837,0.0927463902744
0.100128476533,0.0586091822292
0.135315845283,0.0268558063118
0.20942450841,0.0855386503995
0.1373718999,0.097111679058
0.0706277801677,0.0887710140112
0.0372879758144,0.00254319494743
0.102709122388,0.113602771531
0.185464884078,0.0691752289958
0.114873243578,0.059174786776
0.129749624965,0.00398825665384
0.103887722715,0.0457881591879
0.180229249107,0.111095103673
0.125044581992,0.0756622907324
0.0437525065411,0.10384201795
0.193428385175,0.0780303119633
0.128080443861,0.0509926440049
0.214737438484,0.0400917583664
0.095771323886,-0.0139580617769
0.172987002121,0.0437350257218
0.161326880777,0.0669761409325
0.101568299819,0.0472879318398
0.106903907299,0.0675444372645
0.156714357255,0.0843818041971
0.112089321918,0.0883343034527
0.085558542928,0.00682472024007
0.0739903326704,0.0353500757174
0.0532865572494,0.0983450414769
0.0335311138788,0.126199517353
0.114819821597,0.0825861215806
0.229319393488,0.0637642299056
0.102860845707,0.0780256123436
0.205837364557,0.096591789015
0.201758716632,0.0769607003876
0.166691799949,0.0842549825116
0.0626215723903,0.101806105627
0.0735052977899,0.0196834793162
0.121206695587,0.0487106678
0.190898444083,0.132394951555
0.0308257160168,-0.0365240697183
0.214737438484,0.0400917583664
0.177015602476,0.0918073900325
0.129749624965,0.00398825665384
0.124759030146,0.069593091334
0.0728866640273,0.0404591942596
0.144285593285,0.126467062778
0.0400178385423,0.064654435883
0.17267083852,0.0361175100215
0.199037409464,0.0327807086676
0.0531940875791,0.107149243872
0.162970042545,0.0329481501993
0.120433376252,0.141742819679
0.114484098159,0.0345385764196
0.0899182198307,0.0336613287556
0.134109301868,0.0308248651694
0.104446580399,0.00713596277441
0.137468692369,0.101293712441
0.0679319173939,0.0331167268127
0.0777315807351,0.00974086015101
0.0767035512609,0.0173548891974
0.17692978875,0.0161608908882
0.169111043545,0.115150166589
0.0176300407145,0.0446503744292
0.0854553245216,0.0190606793746
0.0158283456063,0.101319296902
0.0952589054062,0.0689414581283
0.0966681273532,0.125913684786
0.135315845283,0.0268558063118
-0.00596452332927,0.0302265696964
0.131436378172,0.0607036791558
0.0449768469853,0.0997869372286
0.114152814352,-0.0155587521795
0.15386726414,0.0140965689243
0.0699617323151,-0.0127222885933
0.0833907663422,0.0942063400728
0.0757063975688,0.0890878343738
0.0559445679986,0.097319498986
0.128371848743,0.160457244244
0.105916444286,0.0486238549599
0.0948467736565,0.141040611117
0.11845765632,0.097572621177
0.0736583710175,0.0490512298299
0.174561653269,0.115200315589
0.162508230701,0.104832537042
0.0650908715413,0.0629258005077
0.158361468492,0.0853245940873
0.190591601132,0.135629419557
0.100336718336,0.0847226570528
0.129951179118,0.069618473639
0.150803265836,0.046098347333
0.0779109112584,0.0725080272037
0.149137028176,0.063773815795
0.122605688091,0.109081735005
0.158686422688,0.0528439510847
0.0583743714734,-0.0216085497504
0.162663199593,0.0361826182009
0.138716820502,0.122572185031
0.0634335175332,0.0780873607395
0.0532016260918,0.0758191934853
0.192417218864,0.0912934311862
0.122171689158,0.0397423730732
0.0596966406781,0.0486246227741
0.151830142844,0.0138608941772
0.0511808141352,0.100094214176
0.151094989336,0.0647079736783
0.0217337603406,0.0131357770188
0.138954639398,0.0384938770638
0.0943353847583,0.0860469427872
0.0547558979888,0.013734771616
0.222988397239,0.112231171005
0.150906484242,0.0338623881984
0.094322838519,0.141664865694
0.0966681273532,0.125913684786
0.145621360562,0.0691700209589
0.0966347411044,0.0490616326046
0.198793304347,0.0953091535424
0.117032580333,0.0820485636533
0.126445783353,0.126308513836
0.209746843664,0.105696593047
0.128984425177,0.0774170747879
0.0870817016546,0.0401734449772
0.160321638508,0.0765339078689
0.173900122418,0.155548139355
0.0625160305855,0.110629281708
0.122530029603,0.0841137822523
0.136502686403,0.0552072726959
-0.00492269331998,0.155695611385
0.162871441397,0.0622960930245
0.103757378373,0.090208734267
0.113310822929,0.030741731341
0.0882909121025,0.0262411503545
0.153793284385,0.139588629693
0.0811535934204,0.068202655261
0.068297246429,0.0391794279105
0.0411717096739,0.0430457627103
-0.00993370665159,0.0235236641797
0.0954296052136,0.142823643255
0.0670803014144,0.0982571695145
0.0580098874714,-0.00809079972788
0.19639379746,0.0596818588085
0.152099497016,0.0747542815293
0.078735641246,0.127550161091
0.0456737023771,0.0214199021872
0.156147683565,0.0909558587136
0.169401355607,0.0289032358306
0.0494844859469,0.0416243448636
0.0263668894635,0.0395059217173
0.135898929847,0.088680347356
0.112728074184,0.0587470678434
0.170896379212,0.08796401132
0.154846327427,0.0356171722539
0.0695112009297,0.105999382799
0.103887722715,0.0457881591879
0.0624029718287,0.0264638145603
0.19639379746,0.0596818588085
0.123083326592,0.0991076113124
0.0424130768585,-0.0276378085613
0.169146906859,0.0265082468909
0.157298280422,0.0189037766218
0.150620437427,0.1417197386
0.0176497774246,0.0399182637729
0.150906484242,0.0338623881984
0.146006311777,0.112488141145
0.0262405483011,0.0711336975566
0.112089321918,0.0883343034527
0.161035157277,0.0483665145872
0.143529248166,0.0568117773111
0.152497581293,0.0577460909292
0.100177866773,0.116656517416
0.147066388981,0.0166356093675
0.131724027115,-0.00051641052617
0.165531460041,0.0706851697409
0.0310352944875,-0.00969994318245
0.0726348632701,0.0287319818146
0.0437741412806,0.0811623317307
0.20569296525,0.0401857234157
0.126237594766,0.116554184063
0.0292118846282,0.0490798921154
0.204505547042,0.0378235911122
0.176738999181,0.115677576586
0.126863338259,0.0845991357244
0.162761282333,0.0540072854144
0.0845316659196,0.0390621733958
0.160300003769,0.0992135940883
0.101690218468,0.0648965437596
0.105275864982,0.0797283336508
0.0692418467573,0.0451059954467
0.223752102805,0.0650298220004
0.0367008341628,0.029847753869
0.162954188505,0.0743963193337
0.090161205756,0.0682034610642
0.134129817415,0.105215756133
0.0139811864413,0.0811092915065
0.0739903326704,0.0353500757174
0.193774733179,0.0452827370859
0.188772317827,0.094127620035
0.100639587472,0.0798835960863
0.19793835808,0.0550018109005
0.0883779328353,0.0688293791735
0.0569031207768,-0.00924957728875
0.143561392943,0.137320462439
0.193034073845,0.134918980244
0.0516180912915,0.00686781184874
0.0883779328353,0.0688293791735
0.0953718961725,0.09725775059
0.107960095999,0.0323293202632
0.147360321337,0.0255203916112
0.178643644792,0.0796234936462
0.0821815291892,0.118799197924
0.0823229191799,0.0370287197162
0.0958165953894,0.10469615157
0.109252641887,0.063067000767
0.178643644792,0.0796234936462
0.130227167724,0.0746359737785
0.10014988217,0.0987690544381
0.192573438909,0.0377229693214
0.123540842683,0.0592973834355
0.105217154092,0.0108290147625
0.232074433988,0.125889041598
0.177797239278,0.104613228143
0.119558157165,0.105381215414
0.0753463881967,-0.000175557670425
0.134818708272,0.0567105900536
0.0836575355127,0.114214993241
0.156950956898,0.0936681806311
